pkg:telemetry/.#ExactTelemetryAttributes	RULE	type-level		compile-time type computation over schema literals (Infer*, ExactTelemetryAttributes, SchemaTelemetrySpan, TelemetrySchemaSpan*, UnionToIntersection); Go checks attributes at run time through TelemetrySchemaDefinition, so there is no Go type to bind. Request: designed-out rule for conditional/mapped types with no runtime value
pkg:telemetry/.#InMemoryTelemetryContext	CHILD	child	telemetry/memory.go#InMemoryTelemetryContext	closes with its gap rows below
pkg:telemetry/.#InMemoryTelemetryContext::construct:0	RULE	constructors	telemetry/memory.go#InMemoryTelemetryContext	Zero value is ready to use; a composite literal is the constructor (memory.go stubgen:omit NewInMemoryTelemetryContext). Request: N3 accepts a type documented as zero-value-ready
pkg:telemetry/.#InMemoryTelemetryContext::property:getSpans	POLICY	prodreach	telemetry/memory.go#InMemoryTelemetryContext.GetSpans	P1 needs a use reachable from cmd/pig. Pi has no production consumer of this member either (packages/telemetry is a library; ai only forwards telemetryContext in StreamOptions, and nothing in ai/agent/coding-agent/server/durable calls startSpan or InMemoryTelemetryContext). Pig cannot add a caller without a Pig-only behaviour. Request: P1 does not apply when upstream has no production consumer; the ported conformance tests (telemetry/conformance_upstream_test.go, telemetry_upstream_test.go) are the evidence
pkg:telemetry/.#InMemoryTelemetryContext::property:getSpans::call:0	POLICY	prodreach	telemetry/memory.go#InMemoryTelemetryContext.GetSpans	P1 needs a use reachable from cmd/pig. Pi has no production consumer of this member either (packages/telemetry is a library; ai only forwards telemetryContext in StreamOptions, and nothing in ai/agent/coding-agent/server/durable calls startSpan or InMemoryTelemetryContext). Pig cannot add a caller without a Pig-only behaviour. Request: P1 does not apply when upstream has no production consumer; the ported conformance tests (telemetry/conformance_upstream_test.go, telemetry_upstream_test.go) are the evidence
pkg:telemetry/.#InMemoryTelemetryContext::property:startSpan	POLICY	prodreach	telemetry/memory.go#InMemoryTelemetryContext.StartSpan	P1 needs a use reachable from cmd/pig. Pi has no production consumer of this member either (packages/telemetry is a library; ai only forwards telemetryContext in StreamOptions, and nothing in ai/agent/coding-agent/server/durable calls startSpan or InMemoryTelemetryContext). Pig cannot add a caller without a Pig-only behaviour. Request: P1 does not apply when upstream has no production consumer; the ported conformance tests (telemetry/conformance_upstream_test.go, telemetry_upstream_test.go) are the evidence
pkg:telemetry/.#InMemoryTelemetryContext::property:startSpan::call:0	RULE	generics	telemetry/memory.go#InMemoryTelemetryContext.StartSpan	startSpan<T>(options, callback: (span) => T | Promise<T>): Promise<T>: Go interface methods cannot be generic, so the callback returns error and callers carry the result in a closure (context.go:30). Request: S5 closes a callback T result against a Go (error) callback when the method is an interface method
pkg:telemetry/.#InferEventAttributes	RULE	type-level		compile-time type computation over schema literals (Infer*, ExactTelemetryAttributes, SchemaTelemetrySpan, TelemetrySchemaSpan*, UnionToIntersection); Go checks attributes at run time through TelemetrySchemaDefinition, so there is no Go type to bind. Request: designed-out rule for conditional/mapped types with no runtime value
pkg:telemetry/.#InferOptionalAttributes	RULE	type-level		compile-time type computation over schema literals (Infer*, ExactTelemetryAttributes, SchemaTelemetrySpan, TelemetrySchemaSpan*, UnionToIntersection); Go checks attributes at run time through TelemetrySchemaDefinition, so there is no Go type to bind. Request: designed-out rule for conditional/mapped types with no runtime value
pkg:telemetry/.#InferRequiredAndOptionalAttributes	RULE	type-level		compile-time type computation over schema literals (Infer*, ExactTelemetryAttributes, SchemaTelemetrySpan, TelemetrySchemaSpan*, UnionToIntersection); Go checks attributes at run time through TelemetrySchemaDefinition, so there is no Go type to bind. Request: designed-out rule for conditional/mapped types with no runtime value
pkg:telemetry/.#InferStartAttributes	RULE	type-level		compile-time type computation over schema literals (Infer*, ExactTelemetryAttributes, SchemaTelemetrySpan, TelemetrySchemaSpan*, UnionToIntersection); Go checks attributes at run time through TelemetrySchemaDefinition, so there is no Go type to bind. Request: designed-out rule for conditional/mapped types with no runtime value
pkg:telemetry/.#NOOP_TELEMETRY_CONTEXT	RENAME	naming	telemetry/context.go#NoopTelemetryContext	NOOP_TELEMETRY_CONTEXT is telemetry.NoopTelemetryContext (context.go:56), typed TelemetrySpan, which embeds TelemetryContext because the shared noop value is also the span passed to callbacks (noop.ts noopTelemetrySpan)
pkg:telemetry/.#RecordedTelemetryEvent	CHILD	child	telemetry/memory.go#RecordedTelemetryEvent	closes with its gap rows below
pkg:telemetry/.#RecordedTelemetryEvent::property:attributes	POLICY	prodreach	telemetry/memory.go#RecordedTelemetryEvent.Attributes	P1 needs a use reachable from cmd/pig. Pi has no production consumer of this member either (packages/telemetry is a library; ai only forwards telemetryContext in StreamOptions, and nothing in ai/agent/coding-agent/server/durable calls startSpan or InMemoryTelemetryContext). Pig cannot add a caller without a Pig-only behaviour. Request: P1 does not apply when upstream has no production consumer; the ported conformance tests (telemetry/conformance_upstream_test.go, telemetry_upstream_test.go) are the evidence
pkg:telemetry/.#RecordedTelemetryEvent::property:name	POLICY	prodreach	telemetry/memory.go#RecordedTelemetryEvent.Name	P1 needs a use reachable from cmd/pig. Pi has no production consumer of this member either (packages/telemetry is a library; ai only forwards telemetryContext in StreamOptions, and nothing in ai/agent/coding-agent/server/durable calls startSpan or InMemoryTelemetryContext). Pig cannot add a caller without a Pig-only behaviour. Request: P1 does not apply when upstream has no production consumer; the ported conformance tests (telemetry/conformance_upstream_test.go, telemetry_upstream_test.go) are the evidence
pkg:telemetry/.#RecordedTelemetrySpan	CHILD	child	telemetry/memory.go#RecordedTelemetrySpan	closes with its gap rows below
pkg:telemetry/.#RecordedTelemetrySpan::property:attributes	POLICY	prodreach	telemetry/memory.go#RecordedTelemetrySpan.Attributes	P1 needs a use reachable from cmd/pig. Pi has no production consumer of this member either (packages/telemetry is a library; ai only forwards telemetryContext in StreamOptions, and nothing in ai/agent/coding-agent/server/durable calls startSpan or InMemoryTelemetryContext). Pig cannot add a caller without a Pig-only behaviour. Request: P1 does not apply when upstream has no production consumer; the ported conformance tests (telemetry/conformance_upstream_test.go, telemetry_upstream_test.go) are the evidence
pkg:telemetry/.#RecordedTelemetrySpan::property:endSequence	POLICY	prodreach	telemetry/memory.go#RecordedTelemetrySpan.EndSequence	P1 needs a use reachable from cmd/pig. Pi has no production consumer of this member either (packages/telemetry is a library; ai only forwards telemetryContext in StreamOptions, and nothing in ai/agent/coding-agent/server/durable calls startSpan or InMemoryTelemetryContext). Pig cannot add a caller without a Pig-only behaviour. Request: P1 does not apply when upstream has no production consumer; the ported conformance tests (telemetry/conformance_upstream_test.go, telemetry_upstream_test.go) are the evidence
pkg:telemetry/.#RecordedTelemetrySpan::property:events	POLICY	prodreach	telemetry/memory.go#RecordedTelemetrySpan.Events	P1 needs a use reachable from cmd/pig. Pi has no production consumer of this member either (packages/telemetry is a library; ai only forwards telemetryContext in StreamOptions, and nothing in ai/agent/coding-agent/server/durable calls startSpan or InMemoryTelemetryContext). Pig cannot add a caller without a Pig-only behaviour. Request: P1 does not apply when upstream has no production consumer; the ported conformance tests (telemetry/conformance_upstream_test.go, telemetry_upstream_test.go) are the evidence
pkg:telemetry/.#RecordedTelemetrySpan::property:id	POLICY	prodreach	telemetry/memory.go#RecordedTelemetrySpan.ID	P1 needs a use reachable from cmd/pig. Pi has no production consumer of this member either (packages/telemetry is a library; ai only forwards telemetryContext in StreamOptions, and nothing in ai/agent/coding-agent/server/durable calls startSpan or InMemoryTelemetryContext). Pig cannot add a caller without a Pig-only behaviour. Request: P1 does not apply when upstream has no production consumer; the ported conformance tests (telemetry/conformance_upstream_test.go, telemetry_upstream_test.go) are the evidence
pkg:telemetry/.#RecordedTelemetrySpan::property:name	POLICY	prodreach	telemetry/memory.go#RecordedTelemetrySpan.Name	P1 needs a use reachable from cmd/pig. Pi has no production consumer of this member either (packages/telemetry is a library; ai only forwards telemetryContext in StreamOptions, and nothing in ai/agent/coding-agent/server/durable calls startSpan or InMemoryTelemetryContext). Pig cannot add a caller without a Pig-only behaviour. Request: P1 does not apply when upstream has no production consumer; the ported conformance tests (telemetry/conformance_upstream_test.go, telemetry_upstream_test.go) are the evidence
pkg:telemetry/.#RecordedTelemetrySpan::property:parentId	POLICY	prodreach	telemetry/memory.go#RecordedTelemetrySpan.ParentID	P1 needs a use reachable from cmd/pig. Pi has no production consumer of this member either (packages/telemetry is a library; ai only forwards telemetryContext in StreamOptions, and nothing in ai/agent/coding-agent/server/durable calls startSpan or InMemoryTelemetryContext). Pig cannot add a caller without a Pig-only behaviour. Request: P1 does not apply when upstream has no production consumer; the ported conformance tests (telemetry/conformance_upstream_test.go, telemetry_upstream_test.go) are the evidence
pkg:telemetry/.#RecordedTelemetrySpan::property:settled	POLICY	prodreach	telemetry/memory.go#RecordedTelemetrySpan.Settled	P1 needs a use reachable from cmd/pig. Pi has no production consumer of this member either (packages/telemetry is a library; ai only forwards telemetryContext in StreamOptions, and nothing in ai/agent/coding-agent/server/durable calls startSpan or InMemoryTelemetryContext). Pig cannot add a caller without a Pig-only behaviour. Request: P1 does not apply when upstream has no production consumer; the ported conformance tests (telemetry/conformance_upstream_test.go, telemetry_upstream_test.go) are the evidence
pkg:telemetry/.#RecordedTelemetrySpan::property:status	POLICY	prodreach	telemetry/memory.go#RecordedTelemetrySpan.Status	P1 needs a use reachable from cmd/pig. Pi has no production consumer of this member either (packages/telemetry is a library; ai only forwards telemetryContext in StreamOptions, and nothing in ai/agent/coding-agent/server/durable calls startSpan or InMemoryTelemetryContext). Pig cannot add a caller without a Pig-only behaviour. Request: P1 does not apply when upstream has no production consumer; the ported conformance tests (telemetry/conformance_upstream_test.go, telemetry_upstream_test.go) are the evidence
pkg:telemetry/.#SchemaTelemetrySpan	RULE	type-level		compile-time type computation over schema literals (Infer*, ExactTelemetryAttributes, SchemaTelemetrySpan, TelemetrySchemaSpan*, UnionToIntersection); Go checks attributes at run time through TelemetrySchemaDefinition, so there is no Go type to bind. Request: designed-out rule for conditional/mapped types with no runtime value
pkg:telemetry/.#SpanOptions	CHILD	child	telemetry/context.go#SpanOptions	closes with its gap rows below
pkg:telemetry/.#SpanOptions::property:attributes	POLICY	prodreach	telemetry/context.go#SpanOptions.Attributes	P1 needs a use reachable from cmd/pig. Pi has no production consumer of this member either (packages/telemetry is a library; ai only forwards telemetryContext in StreamOptions, and nothing in ai/agent/coding-agent/server/durable calls startSpan or InMemoryTelemetryContext). Pig cannot add a caller without a Pig-only behaviour. Request: P1 does not apply when upstream has no production consumer; the ported conformance tests (telemetry/conformance_upstream_test.go, telemetry_upstream_test.go) are the evidence
pkg:telemetry/.#SpanOptions::property:name	POLICY	prodreach	telemetry/context.go#SpanOptions.Name	P1 needs a use reachable from cmd/pig. Pi has no production consumer of this member either (packages/telemetry is a library; ai only forwards telemetryContext in StreamOptions, and nothing in ai/agent/coding-agent/server/durable calls startSpan or InMemoryTelemetryContext). Pig cannot add a caller without a Pig-only behaviour. Request: P1 does not apply when upstream has no production consumer; the ported conformance tests (telemetry/conformance_upstream_test.go, telemetry_upstream_test.go) are the evidence
pkg:telemetry/.#TelemetryAttributeMetadata	CHILD	child	telemetry/schema.go#TelemetryAttributeMetadata	closes with its gap rows below
pkg:telemetry/.#TelemetryAttributeMetadata::property:cardinality	POLICY	prodreach	telemetry/schema.go#TelemetryAttributeMetadata.Cardinality	P1 needs a use reachable from cmd/pig. Pi has no production consumer of this member either (packages/telemetry is a library; ai only forwards telemetryContext in StreamOptions, and nothing in ai/agent/coding-agent/server/durable calls startSpan or InMemoryTelemetryContext). Pig cannot add a caller without a Pig-only behaviour. Request: P1 does not apply when upstream has no production consumer; the ported conformance tests (telemetry/conformance_upstream_test.go, telemetry_upstream_test.go) are the evidence
pkg:telemetry/.#TelemetryAttributeMetadata::property:description	POLICY	prodreach	telemetry/schema.go#TelemetryAttributeMetadata.Description	P1 needs a use reachable from cmd/pig. Pi has no production consumer of this member either (packages/telemetry is a library; ai only forwards telemetryContext in StreamOptions, and nothing in ai/agent/coding-agent/server/durable calls startSpan or InMemoryTelemetryContext). Pig cannot add a caller without a Pig-only behaviour. Request: P1 does not apply when upstream has no production consumer; the ported conformance tests (telemetry/conformance_upstream_test.go, telemetry_upstream_test.go) are the evidence
pkg:telemetry/.#TelemetryAttributeMetadata::property:sensitive	POLICY	prodreach	telemetry/schema.go#TelemetryAttributeMetadata.Sensitive	P1 needs a use reachable from cmd/pig. Pi has no production consumer of this member either (packages/telemetry is a library; ai only forwards telemetryContext in StreamOptions, and nothing in ai/agent/coding-agent/server/durable calls startSpan or InMemoryTelemetryContext). Pig cannot add a caller without a Pig-only behaviour. Request: P1 does not apply when upstream has no production consumer; the ported conformance tests (telemetry/conformance_upstream_test.go, telemetry_upstream_test.go) are the evidence
pkg:telemetry/.#TelemetryContext	CHILD	child	telemetry/context.go#TelemetryContext	closes with its gap rows below
pkg:telemetry/.#TelemetryContext::property:startSpan	POLICY	prodreach	telemetry/context.go#TelemetryContext.StartSpan	P1 needs a use reachable from cmd/pig. Pi has no production consumer of this member either (packages/telemetry is a library; ai only forwards telemetryContext in StreamOptions, and nothing in ai/agent/coding-agent/server/durable calls startSpan or InMemoryTelemetryContext). Pig cannot add a caller without a Pig-only behaviour. Request: P1 does not apply when upstream has no production consumer; the ported conformance tests (telemetry/conformance_upstream_test.go, telemetry_upstream_test.go) are the evidence
pkg:telemetry/.#TelemetryContext::property:startSpan::call:0	RULE	generics	telemetry/context.go#TelemetryContext.StartSpan	startSpan<T>(options, callback: (span) => T | Promise<T>): Promise<T>: Go interface methods cannot be generic, so the callback returns error and callers carry the result in a closure (context.go:30). Request: S5 closes a callback T result against a Go (error) callback when the method is an interface method
pkg:telemetry/.#TelemetryEventDefinition	CHILD	child	telemetry/schema.go#TelemetryEventDefinition	closes with its gap rows below
pkg:telemetry/.#TelemetryEventDefinition::property:attributes	POLICY	prodreach	telemetry/schema.go#TelemetryEventDefinition.Attributes	P1 needs a use reachable from cmd/pig. Pi has no production consumer of this member either (packages/telemetry is a library; ai only forwards telemetryContext in StreamOptions, and nothing in ai/agent/coding-agent/server/durable calls startSpan or InMemoryTelemetryContext). Pig cannot add a caller without a Pig-only behaviour. Request: P1 does not apply when upstream has no production consumer; the ported conformance tests (telemetry/conformance_upstream_test.go, telemetry_upstream_test.go) are the evidence
pkg:telemetry/.#TelemetryEventDefinition::property:description	POLICY	prodreach	telemetry/schema.go#TelemetryEventDefinition.Description	P1 needs a use reachable from cmd/pig. Pi has no production consumer of this member either (packages/telemetry is a library; ai only forwards telemetryContext in StreamOptions, and nothing in ai/agent/coding-agent/server/durable calls startSpan or InMemoryTelemetryContext). Pig cannot add a caller without a Pig-only behaviour. Request: P1 does not apply when upstream has no production consumer; the ported conformance tests (telemetry/conformance_upstream_test.go, telemetry_upstream_test.go) are the evidence
pkg:telemetry/.#TelemetrySchemaDefinition	CHILD	child	telemetry/schema.go#TelemetrySchemaDefinition	closes with its gap rows below
pkg:telemetry/.#TelemetrySchemaDefinition::property:spans	POLICY	prodreach	telemetry/schema.go#TelemetrySchemaDefinition.Spans	P1 needs a use reachable from cmd/pig. Pi has no production consumer of this member either (packages/telemetry is a library; ai only forwards telemetryContext in StreamOptions, and nothing in ai/agent/coding-agent/server/durable calls startSpan or InMemoryTelemetryContext). Pig cannot add a caller without a Pig-only behaviour. Request: P1 does not apply when upstream has no production consumer; the ported conformance tests (telemetry/conformance_upstream_test.go, telemetry_upstream_test.go) are the evidence
pkg:telemetry/.#TelemetrySchemaDefinition::property:version	POLICY	prodreach	telemetry/schema.go#TelemetrySchemaDefinition.Version	P1 needs a use reachable from cmd/pig. Pi has no production consumer of this member either (packages/telemetry is a library; ai only forwards telemetryContext in StreamOptions, and nothing in ai/agent/coding-agent/server/durable calls startSpan or InMemoryTelemetryContext). Pig cannot add a caller without a Pig-only behaviour. Request: P1 does not apply when upstream has no production consumer; the ported conformance tests (telemetry/conformance_upstream_test.go, telemetry_upstream_test.go) are the evidence
pkg:telemetry/.#TelemetrySchemaSpanEndAttributes	RULE	type-level		compile-time type computation over schema literals (Infer*, ExactTelemetryAttributes, SchemaTelemetrySpan, TelemetrySchemaSpan*, UnionToIntersection); Go checks attributes at run time through TelemetrySchemaDefinition, so there is no Go type to bind. Request: designed-out rule for conditional/mapped types with no runtime value
pkg:telemetry/.#TelemetrySchemaSpanEventAttributes	RULE	type-level		compile-time type computation over schema literals (Infer*, ExactTelemetryAttributes, SchemaTelemetrySpan, TelemetrySchemaSpan*, UnionToIntersection); Go checks attributes at run time through TelemetrySchemaDefinition, so there is no Go type to bind. Request: designed-out rule for conditional/mapped types with no runtime value
pkg:telemetry/.#TelemetrySchemaSpanEventName	RULE	type-level		compile-time type computation over schema literals (Infer*, ExactTelemetryAttributes, SchemaTelemetrySpan, TelemetrySchemaSpan*, UnionToIntersection); Go checks attributes at run time through TelemetrySchemaDefinition, so there is no Go type to bind. Request: designed-out rule for conditional/mapped types with no runtime value
pkg:telemetry/.#TelemetrySchemaSpanName	RULE	type-level		compile-time type computation over schema literals (Infer*, ExactTelemetryAttributes, SchemaTelemetrySpan, TelemetrySchemaSpan*, UnionToIntersection); Go checks attributes at run time through TelemetrySchemaDefinition, so there is no Go type to bind. Request: designed-out rule for conditional/mapped types with no runtime value
pkg:telemetry/.#TelemetrySchemaSpanStartAttributes	RULE	type-level		compile-time type computation over schema literals (Infer*, ExactTelemetryAttributes, SchemaTelemetrySpan, TelemetrySchemaSpan*, UnionToIntersection); Go checks attributes at run time through TelemetrySchemaDefinition, so there is no Go type to bind. Request: designed-out rule for conditional/mapped types with no runtime value
pkg:telemetry/.#TelemetrySchemaSpanUnion	RULE	type-level		compile-time type computation over schema literals (Infer*, ExactTelemetryAttributes, SchemaTelemetrySpan, TelemetrySchemaSpan*, UnionToIntersection); Go checks attributes at run time through TelemetrySchemaDefinition, so there is no Go type to bind. Request: designed-out rule for conditional/mapped types with no runtime value
pkg:telemetry/.#TelemetrySpan	CHILD	child	telemetry/context.go#TelemetrySpan	closes with its gap rows below
pkg:telemetry/.#TelemetrySpan::property:addEvent	POLICY	prodreach	telemetry/context.go#TelemetrySpan.AddEvent	P1 needs a use reachable from cmd/pig. Pi has no production consumer of this member either (packages/telemetry is a library; ai only forwards telemetryContext in StreamOptions, and nothing in ai/agent/coding-agent/server/durable calls startSpan or InMemoryTelemetryContext). Pig cannot add a caller without a Pig-only behaviour. Request: P1 does not apply when upstream has no production consumer; the ported conformance tests (telemetry/conformance_upstream_test.go, telemetry_upstream_test.go) are the evidence
pkg:telemetry/.#TelemetrySpan::property:addEvent::call:0	POLICY	prodreach	telemetry/context.go#TelemetrySpan.AddEvent	P1 needs a use reachable from cmd/pig. Pi has no production consumer of this member either (packages/telemetry is a library; ai only forwards telemetryContext in StreamOptions, and nothing in ai/agent/coding-agent/server/durable calls startSpan or InMemoryTelemetryContext). Pig cannot add a caller without a Pig-only behaviour. Request: P1 does not apply when upstream has no production consumer; the ported conformance tests (telemetry/conformance_upstream_test.go, telemetry_upstream_test.go) are the evidence
pkg:telemetry/.#TelemetrySpan::property:setAttributes	POLICY	prodreach	telemetry/context.go#TelemetrySpan.SetAttributes	P1 needs a use reachable from cmd/pig. Pi has no production consumer of this member either (packages/telemetry is a library; ai only forwards telemetryContext in StreamOptions, and nothing in ai/agent/coding-agent/server/durable calls startSpan or InMemoryTelemetryContext). Pig cannot add a caller without a Pig-only behaviour. Request: P1 does not apply when upstream has no production consumer; the ported conformance tests (telemetry/conformance_upstream_test.go, telemetry_upstream_test.go) are the evidence
pkg:telemetry/.#TelemetrySpan::property:setAttributes::call:0	POLICY	prodreach	telemetry/context.go#TelemetrySpan.SetAttributes	P1 needs a use reachable from cmd/pig. Pi has no production consumer of this member either (packages/telemetry is a library; ai only forwards telemetryContext in StreamOptions, and nothing in ai/agent/coding-agent/server/durable calls startSpan or InMemoryTelemetryContext). Pig cannot add a caller without a Pig-only behaviour. Request: P1 does not apply when upstream has no production consumer; the ported conformance tests (telemetry/conformance_upstream_test.go, telemetry_upstream_test.go) are the evidence
pkg:telemetry/.#TelemetrySpan::property:setStatus	POLICY	prodreach	telemetry/context.go#TelemetrySpan.SetStatus	P1 needs a use reachable from cmd/pig. Pi has no production consumer of this member either (packages/telemetry is a library; ai only forwards telemetryContext in StreamOptions, and nothing in ai/agent/coding-agent/server/durable calls startSpan or InMemoryTelemetryContext). Pig cannot add a caller without a Pig-only behaviour. Request: P1 does not apply when upstream has no production consumer; the ported conformance tests (telemetry/conformance_upstream_test.go, telemetry_upstream_test.go) are the evidence
pkg:telemetry/.#TelemetrySpan::property:setStatus::call:0	POLICY	prodreach	telemetry/context.go#TelemetrySpan.SetStatus	P1 needs a use reachable from cmd/pig. Pi has no production consumer of this member either (packages/telemetry is a library; ai only forwards telemetryContext in StreamOptions, and nothing in ai/agent/coding-agent/server/durable calls startSpan or InMemoryTelemetryContext). Pig cannot add a caller without a Pig-only behaviour. Request: P1 does not apply when upstream has no production consumer; the ported conformance tests (telemetry/conformance_upstream_test.go, telemetry_upstream_test.go) are the evidence
pkg:telemetry/.#TelemetrySpan::property:startSpan	POLICY	prodreach	telemetry/context.go#TelemetryContext.StartSpan	P1 needs a use reachable from cmd/pig. Pi has no production consumer of this member either (packages/telemetry is a library; ai only forwards telemetryContext in StreamOptions, and nothing in ai/agent/coding-agent/server/durable calls startSpan or InMemoryTelemetryContext). Pig cannot add a caller without a Pig-only behaviour. Request: P1 does not apply when upstream has no production consumer; the ported conformance tests (telemetry/conformance_upstream_test.go, telemetry_upstream_test.go) are the evidence
pkg:telemetry/.#TelemetrySpan::property:startSpan::call:0	RULE	generics	telemetry/context.go#TelemetryContext.StartSpan	startSpan<T>(options, callback: (span) => T | Promise<T>): Promise<T>: Go interface methods cannot be generic, so the callback returns error and callers carry the result in a closure (context.go:30). Request: S5 closes a callback T result against a Go (error) callback when the method is an interface method
pkg:telemetry/.#TelemetrySpanDefinition	CHILD	child	telemetry/schema.go#TelemetrySpanDefinition	closes with its gap rows below
pkg:telemetry/.#TelemetrySpanDefinition::property:description	POLICY	prodreach	telemetry/schema.go#TelemetrySpanDefinition.Description	P1 needs a use reachable from cmd/pig. Pi has no production consumer of this member either (packages/telemetry is a library; ai only forwards telemetryContext in StreamOptions, and nothing in ai/agent/coding-agent/server/durable calls startSpan or InMemoryTelemetryContext). Pig cannot add a caller without a Pig-only behaviour. Request: P1 does not apply when upstream has no production consumer; the ported conformance tests (telemetry/conformance_upstream_test.go, telemetry_upstream_test.go) are the evidence
pkg:telemetry/.#TelemetrySpanDefinition::property:endAttributes	POLICY	prodreach	telemetry/schema.go#TelemetrySpanDefinition.EndAttributes	P1 needs a use reachable from cmd/pig. Pi has no production consumer of this member either (packages/telemetry is a library; ai only forwards telemetryContext in StreamOptions, and nothing in ai/agent/coding-agent/server/durable calls startSpan or InMemoryTelemetryContext). Pig cannot add a caller without a Pig-only behaviour. Request: P1 does not apply when upstream has no production consumer; the ported conformance tests (telemetry/conformance_upstream_test.go, telemetry_upstream_test.go) are the evidence
pkg:telemetry/.#TelemetrySpanDefinition::property:events	POLICY	prodreach	telemetry/schema.go#TelemetrySpanDefinition.Events	P1 needs a use reachable from cmd/pig. Pi has no production consumer of this member either (packages/telemetry is a library; ai only forwards telemetryContext in StreamOptions, and nothing in ai/agent/coding-agent/server/durable calls startSpan or InMemoryTelemetryContext). Pig cannot add a caller without a Pig-only behaviour. Request: P1 does not apply when upstream has no production consumer; the ported conformance tests (telemetry/conformance_upstream_test.go, telemetry_upstream_test.go) are the evidence
pkg:telemetry/.#TelemetrySpanDefinition::property:parents	POLICY	prodreach	telemetry/schema.go#TelemetrySpanDefinition.Parents	P1 needs a use reachable from cmd/pig. Pi has no production consumer of this member either (packages/telemetry is a library; ai only forwards telemetryContext in StreamOptions, and nothing in ai/agent/coding-agent/server/durable calls startSpan or InMemoryTelemetryContext). Pig cannot add a caller without a Pig-only behaviour. Request: P1 does not apply when upstream has no production consumer; the ported conformance tests (telemetry/conformance_upstream_test.go, telemetry_upstream_test.go) are the evidence
pkg:telemetry/.#TelemetrySpanDefinition::property:startAttributes	POLICY	prodreach	telemetry/schema.go#TelemetrySpanDefinition.StartAttributes	P1 needs a use reachable from cmd/pig. Pi has no production consumer of this member either (packages/telemetry is a library; ai only forwards telemetryContext in StreamOptions, and nothing in ai/agent/coding-agent/server/durable calls startSpan or InMemoryTelemetryContext). Pig cannot add a caller without a Pig-only behaviour. Request: P1 does not apply when upstream has no production consumer; the ported conformance tests (telemetry/conformance_upstream_test.go, telemetry_upstream_test.go) are the evidence
pkg:telemetry/.#TelemetrySpanDefinition::property:status	POLICY	prodreach	telemetry/schema.go#TelemetrySpanDefinition.Status	P1 needs a use reachable from cmd/pig. Pi has no production consumer of this member either (packages/telemetry is a library; ai only forwards telemetryContext in StreamOptions, and nothing in ai/agent/coding-agent/server/durable calls startSpan or InMemoryTelemetryContext). Pig cannot add a caller without a Pig-only behaviour. Request: P1 does not apply when upstream has no production consumer; the ported conformance tests (telemetry/conformance_upstream_test.go, telemetry_upstream_test.go) are the evidence
pkg:telemetry/.#TypedSpanStarter	RULE	type-level	telemetry/schema.go#TypedSpanStarter	compile-time type computation over schema literals (Infer*, ExactTelemetryAttributes, SchemaTelemetrySpan, TelemetrySchemaSpan*, UnionToIntersection); Go checks attributes at run time through TelemetrySchemaDefinition, so there is no Go type to bind. Request: designed-out rule for conditional/mapped types with no runtime value
pkg:telemetry/.#createTypedSpanStarter	CHILD	child	telemetry/schema.go#CreateTypedSpanStarter	closes with its gap rows below
pkg:telemetry/.#createTypedSpanStarter::call:0	FIXED	tui-b	telemetry/schema.go#CreateTypedSpanStarter	lg-tui-b f93b0ef64 makes CreateTypedSpanStarter require one schema (_schemas non-empty tuple); closes when it lands
pkg:telemetry/testing#TelemetryAdapterConformanceCase	CHILD	child	telemetry/telemetrytest/types.go#TelemetryAdapterConformanceCase	closes with its gap rows below
pkg:telemetry/testing#TelemetryAdapterConformanceCase::property:group	POLICY	prodreach	telemetry/telemetrytest/types.go#TelemetryAdapterConformanceCase.Group	P1 needs a use reachable from cmd/pig. Pi has no production consumer of this member either (packages/telemetry is a library; ai only forwards telemetryContext in StreamOptions, and nothing in ai/agent/coding-agent/server/durable calls startSpan or InMemoryTelemetryContext). Pig cannot add a caller without a Pig-only behaviour. Request: P1 does not apply when upstream has no production consumer; the ported conformance tests (telemetry/conformance_upstream_test.go, telemetry_upstream_test.go) are the evidence
pkg:telemetry/testing#TelemetryAdapterConformanceCase::property:name	POLICY	prodreach	telemetry/telemetrytest/types.go#TelemetryAdapterConformanceCase.Name	P1 needs a use reachable from cmd/pig. Pi has no production consumer of this member either (packages/telemetry is a library; ai only forwards telemetryContext in StreamOptions, and nothing in ai/agent/coding-agent/server/durable calls startSpan or InMemoryTelemetryContext). Pig cannot add a caller without a Pig-only behaviour. Request: P1 does not apply when upstream has no production consumer; the ported conformance tests (telemetry/conformance_upstream_test.go, telemetry_upstream_test.go) are the evidence
pkg:telemetry/testing#TelemetryAdapterConformanceCase::property:run	POLICY	prodreach	telemetry/telemetrytest/types.go#TelemetryAdapterConformanceCase.Run	P1 needs a use reachable from cmd/pig. Pi has no production consumer of this member either (packages/telemetry is a library; ai only forwards telemetryContext in StreamOptions, and nothing in ai/agent/coding-agent/server/durable calls startSpan or InMemoryTelemetryContext). Pig cannot add a caller without a Pig-only behaviour. Request: P1 does not apply when upstream has no production consumer; the ported conformance tests (telemetry/conformance_upstream_test.go, telemetry_upstream_test.go) are the evidence
pkg:telemetry/testing#TelemetryAdapterConformanceCase::property:run::call:0	POLICY	prodreach	telemetry/telemetrytest/types.go#TelemetryAdapterConformanceCase.Run	P1 needs a use reachable from cmd/pig. Pi has no production consumer of this member either (packages/telemetry is a library; ai only forwards telemetryContext in StreamOptions, and nothing in ai/agent/coding-agent/server/durable calls startSpan or InMemoryTelemetryContext). Pig cannot add a caller without a Pig-only behaviour. Request: P1 does not apply when upstream has no production consumer; the ported conformance tests (telemetry/conformance_upstream_test.go, telemetry_upstream_test.go) are the evidence
pkg:telemetry/testing#TelemetryAdapterFixture	CHILD	child	telemetry/telemetrytest/types.go#TelemetryAdapterFixture	closes with its gap rows below
pkg:telemetry/testing#TelemetryAdapterFixture::property:%5BSymbol.asyncDispose%5D	RENAME	naming	telemetry/telemetrytest/types.go#TelemetryAdapterFixture	Symbol.asyncDispose is TelemetryAdapterFixture.Dispose (telemetrytest/types.go:19)
pkg:telemetry/testing#TelemetryAdapterFixture::property:%5BSymbol.asyncDispose%5D::call:0	RENAME	naming	telemetry/telemetrytest/types.go#TelemetryAdapterFixture	Symbol.asyncDispose is TelemetryAdapterFixture.Dispose (telemetrytest/types.go:19)
pkg:telemetry/testing#TelemetryAdapterFixture::property:context	POLICY	prodreach	telemetry/telemetrytest/types.go#TelemetryAdapterFixture.Context	P1 needs a use reachable from cmd/pig. Pi has no production consumer of this member either (packages/telemetry is a library; ai only forwards telemetryContext in StreamOptions, and nothing in ai/agent/coding-agent/server/durable calls startSpan or InMemoryTelemetryContext). Pig cannot add a caller without a Pig-only behaviour. Request: P1 does not apply when upstream has no production consumer; the ported conformance tests (telemetry/conformance_upstream_test.go, telemetry_upstream_test.go) are the evidence
pkg:telemetry/testing#TelemetryAdapterFixture::property:getSpans	POLICY	prodreach	telemetry/telemetrytest/types.go#TelemetryAdapterFixture.GetSpans	P1 needs a use reachable from cmd/pig. Pi has no production consumer of this member either (packages/telemetry is a library; ai only forwards telemetryContext in StreamOptions, and nothing in ai/agent/coding-agent/server/durable calls startSpan or InMemoryTelemetryContext). Pig cannot add a caller without a Pig-only behaviour. Request: P1 does not apply when upstream has no production consumer; the ported conformance tests (telemetry/conformance_upstream_test.go, telemetry_upstream_test.go) are the evidence
pkg:telemetry/testing#TelemetryAdapterFixture::property:getSpans::call:0	POLICY	prodreach	telemetry/telemetrytest/types.go#TelemetryAdapterFixture.GetSpans	P1 needs a use reachable from cmd/pig. Pi has no production consumer of this member either (packages/telemetry is a library; ai only forwards telemetryContext in StreamOptions, and nothing in ai/agent/coding-agent/server/durable calls startSpan or InMemoryTelemetryContext). Pig cannot add a caller without a Pig-only behaviour. Request: P1 does not apply when upstream has no production consumer; the ported conformance tests (telemetry/conformance_upstream_test.go, telemetry_upstream_test.go) are the evidence
pkg:telemetry/testing#TelemetryAdapterFixtureFactory	FIXED	tests	telemetry/telemetrytest/types.go#TelemetryAdapterFixtureFactory	telemetry/conformance_factory_test.go names TelemetryAdapterFixtureFactory and runs every case from one factory; a recording-free adapter fails the cases (mutation)
pkg:telemetry/testing#TelemetryAdapterFixtureFactory::call:0	FIXED	tests	telemetry/telemetrytest/types.go#TelemetryAdapterFixtureFactory	telemetry/conformance_factory_test.go names TelemetryAdapterFixtureFactory and runs every case from one factory; a recording-free adapter fails the cases (mutation)
