group_no	id	disposition	family	go_symbol	detector_reason	note	detail
107	pkg:tui/.#TuiMainScreenRenderState	RULE	naming		no-go-symbol	TuiMainScreenRenderState is tui.TUIRenderState (TuiMainScreen is tui.TUI)	no Go type named TuiMainScreenRenderState (N1, N2) and no documented rename
106	pkg:tui/.#Terminal::property:start::call:0	P1-UNREACHED	p1	tui/terminal.go#Terminal.Start	not-exercised	Terminal.Start is the interface method; production starts the terminal through ProcessTerminal.StartWithReadError and the caller-owned TerminalInput loop	P1: no production code reads, sets or calls tui/terminal.go#Terminal.Start (a test alone does not close a member)
105	pkg:tui/.#StdinBufferOptions	RULE	alias-object-types	tui/stdin_buffer.go#StdinBufferOptions	undecidable	alias body is an object/intersection/conditional type; the Go struct or named type of the same name carries the fields. The -int tree reports A4 for these (declaration inventory), the integrate tree A3	A4: the upstream declaration of StdinBufferOptions is missing or declared twice in the pinned sources
104	pkg:tui/.#StdinBuffer::property:%5BSymbol.captureRejectionSymbol%5D	RULE	eventemitter-inheritance	tui/stdin_buffer.go#StdinBuffer	member-missing	StdinBuffer extends EventEmitter<StdinBufferEventMap>: the 34 inherited node:events members (on, off, emit, listeners...) have no Go form; Go returns the emitted sequences from Process*/Flush (data, paste events as the returned slice and the paste payload). lg-ca-member-a removed its caller-free EventEmitter port (237017ab7)	no field or method for property [Symbol.captureRejectionSymbol] in tui/stdin_buffer.go#StdinBuffer (N1, N2, json tag)
104	pkg:tui/.#StdinBuffer::property:addListener	RULE	eventemitter-inheritance	tui/stdin_buffer.go#StdinBuffer	member-missing	StdinBuffer extends EventEmitter<StdinBufferEventMap>: the 34 inherited node:events members (on, off, emit, listeners...) have no Go form; Go returns the emitted sequences from Process*/Flush (data, paste events as the returned slice and the paste payload). lg-ca-member-a removed its caller-free EventEmitter port (237017ab7)	no field or method for property addListener in tui/stdin_buffer.go#StdinBuffer (N1, N2, json tag)
104	pkg:tui/.#StdinBuffer::property:addListener::call:0	RULE	eventemitter-inheritance	tui/stdin_buffer.go#StdinBuffer	member-missing	StdinBuffer extends EventEmitter<StdinBufferEventMap>: the 34 inherited node:events members (on, off, emit, listeners...) have no Go form; Go returns the emitted sequences from Process*/Flush (data, paste events as the returned slice and the paste payload). lg-ca-member-a removed its caller-free EventEmitter port (237017ab7)	property has no Go member
104	pkg:tui/.#StdinBuffer::property:destroy	RULE	eventemitter-inheritance	tui/stdin_buffer.go#StdinBuffer	member-missing	StdinBuffer extends EventEmitter<StdinBufferEventMap>: the 34 inherited node:events members (on, off, emit, listeners...) have no Go form; Go returns the emitted sequences from Process*/Flush (data, paste events as the returned slice and the paste payload). lg-ca-member-a removed its caller-free EventEmitter port (237017ab7)	no field or method for property destroy in tui/stdin_buffer.go#StdinBuffer (N1, N2, json tag)
104	pkg:tui/.#StdinBuffer::property:destroy::call:0	RULE	eventemitter-inheritance	tui/stdin_buffer.go#StdinBuffer	member-missing	StdinBuffer extends EventEmitter<StdinBufferEventMap>: the 34 inherited node:events members (on, off, emit, listeners...) have no Go form; Go returns the emitted sequences from Process*/Flush (data, paste events as the returned slice and the paste payload). lg-ca-member-a removed its caller-free EventEmitter port (237017ab7)	property has no Go member
104	pkg:tui/.#StdinBuffer::property:emit	RULE	eventemitter-inheritance	tui/stdin_buffer.go#StdinBuffer	member-missing	StdinBuffer extends EventEmitter<StdinBufferEventMap>: the 34 inherited node:events members (on, off, emit, listeners...) have no Go form; Go returns the emitted sequences from Process*/Flush (data, paste events as the returned slice and the paste payload). lg-ca-member-a removed its caller-free EventEmitter port (237017ab7)	no field or method for property emit in tui/stdin_buffer.go#StdinBuffer (N1, N2, json tag)
104	pkg:tui/.#StdinBuffer::property:emit::call:0	RULE	eventemitter-inheritance	tui/stdin_buffer.go#StdinBuffer	member-missing	StdinBuffer extends EventEmitter<StdinBufferEventMap>: the 34 inherited node:events members (on, off, emit, listeners...) have no Go form; Go returns the emitted sequences from Process*/Flush (data, paste events as the returned slice and the paste payload). lg-ca-member-a removed its caller-free EventEmitter port (237017ab7)	property has no Go member
104	pkg:tui/.#StdinBuffer::property:eventNames	RULE	eventemitter-inheritance	tui/stdin_buffer.go#StdinBuffer	member-missing	StdinBuffer extends EventEmitter<StdinBufferEventMap>: the 34 inherited node:events members (on, off, emit, listeners...) have no Go form; Go returns the emitted sequences from Process*/Flush (data, paste events as the returned slice and the paste payload). lg-ca-member-a removed its caller-free EventEmitter port (237017ab7)	no field or method for property eventNames in tui/stdin_buffer.go#StdinBuffer (N1, N2, json tag)
104	pkg:tui/.#StdinBuffer::property:eventNames::call:0	RULE	eventemitter-inheritance	tui/stdin_buffer.go#StdinBuffer	member-missing	StdinBuffer extends EventEmitter<StdinBufferEventMap>: the 34 inherited node:events members (on, off, emit, listeners...) have no Go form; Go returns the emitted sequences from Process*/Flush (data, paste events as the returned slice and the paste payload). lg-ca-member-a removed its caller-free EventEmitter port (237017ab7)	property has no Go member
104	pkg:tui/.#StdinBuffer::property:getMaxListeners	RULE	eventemitter-inheritance	tui/stdin_buffer.go#StdinBuffer	member-missing	StdinBuffer extends EventEmitter<StdinBufferEventMap>: the 34 inherited node:events members (on, off, emit, listeners...) have no Go form; Go returns the emitted sequences from Process*/Flush (data, paste events as the returned slice and the paste payload). lg-ca-member-a removed its caller-free EventEmitter port (237017ab7)	no field or method for property getMaxListeners in tui/stdin_buffer.go#StdinBuffer (N1, N2, json tag)
104	pkg:tui/.#StdinBuffer::property:getMaxListeners::call:0	RULE	eventemitter-inheritance	tui/stdin_buffer.go#StdinBuffer	member-missing	StdinBuffer extends EventEmitter<StdinBufferEventMap>: the 34 inherited node:events members (on, off, emit, listeners...) have no Go form; Go returns the emitted sequences from Process*/Flush (data, paste events as the returned slice and the paste payload). lg-ca-member-a removed its caller-free EventEmitter port (237017ab7)	property has no Go member
104	pkg:tui/.#StdinBuffer::property:listenerCount	RULE	eventemitter-inheritance	tui/stdin_buffer.go#StdinBuffer	member-missing	StdinBuffer extends EventEmitter<StdinBufferEventMap>: the 34 inherited node:events members (on, off, emit, listeners...) have no Go form; Go returns the emitted sequences from Process*/Flush (data, paste events as the returned slice and the paste payload). lg-ca-member-a removed its caller-free EventEmitter port (237017ab7)	no field or method for property listenerCount in tui/stdin_buffer.go#StdinBuffer (N1, N2, json tag)
104	pkg:tui/.#StdinBuffer::property:listenerCount::call:0	RULE	eventemitter-inheritance	tui/stdin_buffer.go#StdinBuffer	member-missing	StdinBuffer extends EventEmitter<StdinBufferEventMap>: the 34 inherited node:events members (on, off, emit, listeners...) have no Go form; Go returns the emitted sequences from Process*/Flush (data, paste events as the returned slice and the paste payload). lg-ca-member-a removed its caller-free EventEmitter port (237017ab7)	property has no Go member
104	pkg:tui/.#StdinBuffer::property:listeners	RULE	eventemitter-inheritance	tui/stdin_buffer.go#StdinBuffer	member-missing	StdinBuffer extends EventEmitter<StdinBufferEventMap>: the 34 inherited node:events members (on, off, emit, listeners...) have no Go form; Go returns the emitted sequences from Process*/Flush (data, paste events as the returned slice and the paste payload). lg-ca-member-a removed its caller-free EventEmitter port (237017ab7)	no field or method for property listeners in tui/stdin_buffer.go#StdinBuffer (N1, N2, json tag)
104	pkg:tui/.#StdinBuffer::property:listeners::call:0	RULE	eventemitter-inheritance	tui/stdin_buffer.go#StdinBuffer	member-missing	StdinBuffer extends EventEmitter<StdinBufferEventMap>: the 34 inherited node:events members (on, off, emit, listeners...) have no Go form; Go returns the emitted sequences from Process*/Flush (data, paste events as the returned slice and the paste payload). lg-ca-member-a removed its caller-free EventEmitter port (237017ab7)	property has no Go member
104	pkg:tui/.#StdinBuffer::property:off	RULE	eventemitter-inheritance	tui/stdin_buffer.go#StdinBuffer	member-missing	StdinBuffer extends EventEmitter<StdinBufferEventMap>: the 34 inherited node:events members (on, off, emit, listeners...) have no Go form; Go returns the emitted sequences from Process*/Flush (data, paste events as the returned slice and the paste payload). lg-ca-member-a removed its caller-free EventEmitter port (237017ab7)	no field or method for property off in tui/stdin_buffer.go#StdinBuffer (N1, N2, json tag)
104	pkg:tui/.#StdinBuffer::property:off::call:0	RULE	eventemitter-inheritance	tui/stdin_buffer.go#StdinBuffer	member-missing	StdinBuffer extends EventEmitter<StdinBufferEventMap>: the 34 inherited node:events members (on, off, emit, listeners...) have no Go form; Go returns the emitted sequences from Process*/Flush (data, paste events as the returned slice and the paste payload). lg-ca-member-a removed its caller-free EventEmitter port (237017ab7)	property has no Go member
104	pkg:tui/.#StdinBuffer::property:on	RULE	eventemitter-inheritance	tui/stdin_buffer.go#StdinBuffer	member-missing	StdinBuffer extends EventEmitter<StdinBufferEventMap>: the 34 inherited node:events members (on, off, emit, listeners...) have no Go form; Go returns the emitted sequences from Process*/Flush (data, paste events as the returned slice and the paste payload). lg-ca-member-a removed its caller-free EventEmitter port (237017ab7)	no field or method for property on in tui/stdin_buffer.go#StdinBuffer (N1, N2, json tag)
104	pkg:tui/.#StdinBuffer::property:on::call:0	RULE	eventemitter-inheritance	tui/stdin_buffer.go#StdinBuffer	member-missing	StdinBuffer extends EventEmitter<StdinBufferEventMap>: the 34 inherited node:events members (on, off, emit, listeners...) have no Go form; Go returns the emitted sequences from Process*/Flush (data, paste events as the returned slice and the paste payload). lg-ca-member-a removed its caller-free EventEmitter port (237017ab7)	property has no Go member
104	pkg:tui/.#StdinBuffer::property:once	RULE	eventemitter-inheritance	tui/stdin_buffer.go#StdinBuffer	member-missing	StdinBuffer extends EventEmitter<StdinBufferEventMap>: the 34 inherited node:events members (on, off, emit, listeners...) have no Go form; Go returns the emitted sequences from Process*/Flush (data, paste events as the returned slice and the paste payload). lg-ca-member-a removed its caller-free EventEmitter port (237017ab7)	no field or method for property once in tui/stdin_buffer.go#StdinBuffer (N1, N2, json tag)
104	pkg:tui/.#StdinBuffer::property:once::call:0	RULE	eventemitter-inheritance	tui/stdin_buffer.go#StdinBuffer	member-missing	StdinBuffer extends EventEmitter<StdinBufferEventMap>: the 34 inherited node:events members (on, off, emit, listeners...) have no Go form; Go returns the emitted sequences from Process*/Flush (data, paste events as the returned slice and the paste payload). lg-ca-member-a removed its caller-free EventEmitter port (237017ab7)	property has no Go member
104	pkg:tui/.#StdinBuffer::property:prependListener	RULE	eventemitter-inheritance	tui/stdin_buffer.go#StdinBuffer	member-missing	StdinBuffer extends EventEmitter<StdinBufferEventMap>: the 34 inherited node:events members (on, off, emit, listeners...) have no Go form; Go returns the emitted sequences from Process*/Flush (data, paste events as the returned slice and the paste payload). lg-ca-member-a removed its caller-free EventEmitter port (237017ab7)	no field or method for property prependListener in tui/stdin_buffer.go#StdinBuffer (N1, N2, json tag)
104	pkg:tui/.#StdinBuffer::property:prependListener::call:0	RULE	eventemitter-inheritance	tui/stdin_buffer.go#StdinBuffer	member-missing	StdinBuffer extends EventEmitter<StdinBufferEventMap>: the 34 inherited node:events members (on, off, emit, listeners...) have no Go form; Go returns the emitted sequences from Process*/Flush (data, paste events as the returned slice and the paste payload). lg-ca-member-a removed its caller-free EventEmitter port (237017ab7)	property has no Go member
104	pkg:tui/.#StdinBuffer::property:prependOnceListener	RULE	eventemitter-inheritance	tui/stdin_buffer.go#StdinBuffer	member-missing	StdinBuffer extends EventEmitter<StdinBufferEventMap>: the 34 inherited node:events members (on, off, emit, listeners...) have no Go form; Go returns the emitted sequences from Process*/Flush (data, paste events as the returned slice and the paste payload). lg-ca-member-a removed its caller-free EventEmitter port (237017ab7)	no field or method for property prependOnceListener in tui/stdin_buffer.go#StdinBuffer (N1, N2, json tag)
104	pkg:tui/.#StdinBuffer::property:prependOnceListener::call:0	RULE	eventemitter-inheritance	tui/stdin_buffer.go#StdinBuffer	member-missing	StdinBuffer extends EventEmitter<StdinBufferEventMap>: the 34 inherited node:events members (on, off, emit, listeners...) have no Go form; Go returns the emitted sequences from Process*/Flush (data, paste events as the returned slice and the paste payload). lg-ca-member-a removed its caller-free EventEmitter port (237017ab7)	property has no Go member
104	pkg:tui/.#StdinBuffer::property:process	RULE	eventemitter-inheritance	tui/stdin_buffer.go#StdinBuffer	member-missing	StdinBuffer extends EventEmitter<StdinBufferEventMap>: the 34 inherited node:events members (on, off, emit, listeners...) have no Go form; Go returns the emitted sequences from Process*/Flush (data, paste events as the returned slice and the paste payload). lg-ca-member-a removed its caller-free EventEmitter port (237017ab7)	no field or method for property process in tui/stdin_buffer.go#StdinBuffer (N1, N2, json tag)
104	pkg:tui/.#StdinBuffer::property:process::call:0	RULE	eventemitter-inheritance	tui/stdin_buffer.go#StdinBuffer	member-missing	StdinBuffer extends EventEmitter<StdinBufferEventMap>: the 34 inherited node:events members (on, off, emit, listeners...) have no Go form; Go returns the emitted sequences from Process*/Flush (data, paste events as the returned slice and the paste payload). lg-ca-member-a removed its caller-free EventEmitter port (237017ab7)	property has no Go member
104	pkg:tui/.#StdinBuffer::property:rawListeners	RULE	eventemitter-inheritance	tui/stdin_buffer.go#StdinBuffer	member-missing	StdinBuffer extends EventEmitter<StdinBufferEventMap>: the 34 inherited node:events members (on, off, emit, listeners...) have no Go form; Go returns the emitted sequences from Process*/Flush (data, paste events as the returned slice and the paste payload). lg-ca-member-a removed its caller-free EventEmitter port (237017ab7)	no field or method for property rawListeners in tui/stdin_buffer.go#StdinBuffer (N1, N2, json tag)
104	pkg:tui/.#StdinBuffer::property:rawListeners::call:0	RULE	eventemitter-inheritance	tui/stdin_buffer.go#StdinBuffer	member-missing	StdinBuffer extends EventEmitter<StdinBufferEventMap>: the 34 inherited node:events members (on, off, emit, listeners...) have no Go form; Go returns the emitted sequences from Process*/Flush (data, paste events as the returned slice and the paste payload). lg-ca-member-a removed its caller-free EventEmitter port (237017ab7)	property has no Go member
104	pkg:tui/.#StdinBuffer::property:removeAllListeners	RULE	eventemitter-inheritance	tui/stdin_buffer.go#StdinBuffer	member-missing	StdinBuffer extends EventEmitter<StdinBufferEventMap>: the 34 inherited node:events members (on, off, emit, listeners...) have no Go form; Go returns the emitted sequences from Process*/Flush (data, paste events as the returned slice and the paste payload). lg-ca-member-a removed its caller-free EventEmitter port (237017ab7)	no field or method for property removeAllListeners in tui/stdin_buffer.go#StdinBuffer (N1, N2, json tag)
104	pkg:tui/.#StdinBuffer::property:removeAllListeners::call:0	RULE	eventemitter-inheritance	tui/stdin_buffer.go#StdinBuffer	member-missing	StdinBuffer extends EventEmitter<StdinBufferEventMap>: the 34 inherited node:events members (on, off, emit, listeners...) have no Go form; Go returns the emitted sequences from Process*/Flush (data, paste events as the returned slice and the paste payload). lg-ca-member-a removed its caller-free EventEmitter port (237017ab7)	property has no Go member
104	pkg:tui/.#StdinBuffer::property:removeListener	RULE	eventemitter-inheritance	tui/stdin_buffer.go#StdinBuffer	member-missing	StdinBuffer extends EventEmitter<StdinBufferEventMap>: the 34 inherited node:events members (on, off, emit, listeners...) have no Go form; Go returns the emitted sequences from Process*/Flush (data, paste events as the returned slice and the paste payload). lg-ca-member-a removed its caller-free EventEmitter port (237017ab7)	no field or method for property removeListener in tui/stdin_buffer.go#StdinBuffer (N1, N2, json tag)
104	pkg:tui/.#StdinBuffer::property:removeListener::call:0	RULE	eventemitter-inheritance	tui/stdin_buffer.go#StdinBuffer	member-missing	StdinBuffer extends EventEmitter<StdinBufferEventMap>: the 34 inherited node:events members (on, off, emit, listeners...) have no Go form; Go returns the emitted sequences from Process*/Flush (data, paste events as the returned slice and the paste payload). lg-ca-member-a removed its caller-free EventEmitter port (237017ab7)	property has no Go member
104	pkg:tui/.#StdinBuffer::property:setMaxListeners	RULE	eventemitter-inheritance	tui/stdin_buffer.go#StdinBuffer	member-missing	StdinBuffer extends EventEmitter<StdinBufferEventMap>: the 34 inherited node:events members (on, off, emit, listeners...) have no Go form; Go returns the emitted sequences from Process*/Flush (data, paste events as the returned slice and the paste payload). lg-ca-member-a removed its caller-free EventEmitter port (237017ab7)	no field or method for property setMaxListeners in tui/stdin_buffer.go#StdinBuffer (N1, N2, json tag)
104	pkg:tui/.#StdinBuffer::property:setMaxListeners::call:0	RULE	eventemitter-inheritance	tui/stdin_buffer.go#StdinBuffer	member-missing	StdinBuffer extends EventEmitter<StdinBufferEventMap>: the 34 inherited node:events members (on, off, emit, listeners...) have no Go form; Go returns the emitted sequences from Process*/Flush (data, paste events as the returned slice and the paste payload). lg-ca-member-a removed its caller-free EventEmitter port (237017ab7)	property has no Go member
103	pkg:tui/.#ScrollView::property:%5BSymbol.LAYOUT_NODE%5D	RULE	symbol-keyed-member	tui/scroll_view.go#ScrollView	member-missing	[LAYOUT_NODE]() is ScrollView.LayoutNode(); Symbol.for keys have no Go spelling	no field or method for property [Symbol.LAYOUT_NODE] in tui/scroll_view.go#ScrollView (N1, N2, json tag)
103	pkg:tui/.#ScrollView::property:%5BSymbol.LAYOUT_NODE%5D::call:0	RULE	symbol-keyed-member	tui/scroll_view.go#ScrollView	member-missing	[LAYOUT_NODE]() is ScrollView.LayoutNode(); Symbol.for keys have no Go spelling	property has no Go member
102	pkg:tui/.#Markdown::construct:0	RULE	constructor-overload	tui/markdown.go#NewMarkdown	signature-mismatch	new Markdown(text, paddingX, paddingY, theme, defaultTextStyle?, options?) is NewMarkdownWithOptions; NewMarkdown(text) is the default-theme form	S4: upstream takes 6 parameters, Go takes 1
101	pkg:tui/.#Color	RULE	alias-object-types	tui/colors.go#Color	undecidable	alias body is an object/intersection/conditional type; the Go struct or named type of the same name carries the fields. The -int tree reports A4 for these (declaration inventory), the integrate tree A3	A4: the upstream declaration of Color is missing or declared twice in the pinned sources
100	pkg:telemetry/.#NOOP_TELEMETRY_CONTEXT	RULE	naming	telemetry/context.go#NoopTelemetryContext	undecidable	NOOP_TELEMETRY_CONTEXT is telemetry.NoopTelemetryContext (a TelemetrySpan that is also a TelemetryContext)	T9: upstream type TelemetryContext against Go type telemetry.TelemetrySpan
99	pkg:server/.#SessionNotAttachedError::property:cause	RULE	error-language-mechanics	internal/experimental/routing/errors.go#SessionNotAttachedError	member-missing	SessionNotAttachedError: name, stack and cause are Error members; code: ServerOperationErrorCode is the string code of ServerError	no field or method for property cause in internal/experimental/routing/errors.go#SessionNotAttachedError (N1, N2, json tag)
99	pkg:server/.#SessionNotAttachedError::property:code	RULE	error-language-mechanics	internal/experimental/routing/errors.go#ServerError.Code	undecidable	SessionNotAttachedError: name, stack and cause are Error members; code: ServerOperationErrorCode is the string code of ServerError	T9: upstream type ServerOperationErrorCode against Go type string
99	pkg:server/.#SessionNotAttachedError::property:name	RULE	error-language-mechanics	internal/experimental/routing/errors.go#SessionNotAttachedError	member-missing	SessionNotAttachedError: name, stack and cause are Error members; code: ServerOperationErrorCode is the string code of ServerError	no field or method for property name in internal/experimental/routing/errors.go#SessionNotAttachedError (N1, N2, json tag)
99	pkg:server/.#SessionNotAttachedError::property:stack	RULE	error-language-mechanics	internal/experimental/routing/errors.go#SessionNotAttachedError	member-missing	SessionNotAttachedError: name, stack and cause are Error members; code: ServerOperationErrorCode is the string code of ServerError	no field or method for property stack in internal/experimental/routing/errors.go#SessionNotAttachedError (N1, N2, json tag)
98	pkg:server/.#RoutedSessionAttachment::property:invokeService::call:0	RULE	context-param	internal/experimental/routing/types.go#RoutedServerServiceAttachment.InvokeService	signature-mismatch	upstream trailing `context: Context` parameter is the Go leading ctx context.Context; the detector counts it as a missing parameter	S4: upstream takes 3 parameters, Go takes 2
98	pkg:server/.#RoutedSessionAttachment::property:release::call:0	RULE	context-param	internal/experimental/routing/types.go#RoutedServerServiceAttachment.Release	signature-mismatch	upstream trailing `context: Context` parameter is the Go leading ctx context.Context; the detector counts it as a missing parameter	S4: upstream takes 1 parameters, Go takes 0
97	pkg:server/.#RoutedServerPresentation	P1-UNREACHED	p1+context-param	internal/experimental/routing/types.go#RoutedServerPresentation	child-gap	RoutedServerPresentation is only used by internal/experimental/services (not reached from cmd/pig); TestRoutedServerPresentationCapabilitiesRunUnderTheCallersContext drives AttachSession, DetachSession and PrepareSessionRemoval	a row below it is a gap, for example pkg:server/.#RoutedServerPresentation::property:attachSession (not-exercised)
97	pkg:server/.#RoutedServerPresentation::property:attachSession	P1-UNREACHED	p1+context-param	internal/experimental/services/server.go#RoutedServerPresentation.AttachSession	not-exercised	RoutedServerPresentation is only used by internal/experimental/services (not reached from cmd/pig); TestRoutedServerPresentationCapabilitiesRunUnderTheCallersContext drives AttachSession, DetachSession and PrepareSessionRemoval	P1: production code uses internal/experimental/services/server.go#RoutedServerPresentation.AttachSession only in internal/experimental/services/server.go#serverPresentationServices.Attach, which no path from cmd/pig reaches (static reach: dynamic dispatch is not followed)
97	pkg:server/.#RoutedServerPresentation::property:attachSession::call:0	RULE	context-param	internal/experimental/services/server.go#RoutedServerPresentation.AttachSession	signature-mismatch	RoutedServerPresentation is only used by internal/experimental/services (not reached from cmd/pig); TestRoutedServerPresentationCapabilitiesRunUnderTheCallersContext drives AttachSession, DetachSession and PrepareSessionRemoval	S4: upstream takes 2 parameters, Go takes 1
97	pkg:server/.#RoutedServerPresentation::property:detachSession	P1-UNREACHED	p1+context-param	internal/experimental/services/server.go#RoutedServerPresentation.DetachSession	not-exercised	RoutedServerPresentation is only used by internal/experimental/services (not reached from cmd/pig); TestRoutedServerPresentationCapabilitiesRunUnderTheCallersContext drives AttachSession, DetachSession and PrepareSessionRemoval	P1: production code uses internal/experimental/services/server.go#RoutedServerPresentation.DetachSession only in internal/experimental/services/server.go#serverPresentationServices.Detach, which no path from cmd/pig reaches (static reach: dynamic dispatch is not followed)
97	pkg:server/.#RoutedServerPresentation::property:detachSession::call:0	RULE	context-param	internal/experimental/services/server.go#RoutedServerPresentation.DetachSession	signature-mismatch	RoutedServerPresentation is only used by internal/experimental/services (not reached from cmd/pig); TestRoutedServerPresentationCapabilitiesRunUnderTheCallersContext drives AttachSession, DetachSession and PrepareSessionRemoval	S4: upstream takes 1 parameters, Go takes 0
97	pkg:server/.#RoutedServerPresentation::property:prepareSessionRemoval	P1-UNREACHED	p1+context-param	internal/experimental/services/server.go#RoutedServerPresentation.PrepareSessionRemoval	not-exercised	RoutedServerPresentation is only used by internal/experimental/services (not reached from cmd/pig); TestRoutedServerPresentationCapabilitiesRunUnderTheCallersContext drives AttachSession, DetachSession and PrepareSessionRemoval	P1: production code uses internal/experimental/services/server.go#RoutedServerPresentation.PrepareSessionRemoval only in internal/experimental/services/server.go#serverPresentationServices.Remove, which no path from cmd/pig reaches (static reach: dynamic dispatch is not followed)
97	pkg:server/.#RoutedServerPresentation::property:prepareSessionRemoval::call:0	RULE	context-param	internal/experimental/services/server.go#RoutedServerPresentation.PrepareSessionRemoval	signature-mismatch	RoutedServerPresentation is only used by internal/experimental/services (not reached from cmd/pig); TestRoutedServerPresentationCapabilitiesRunUnderTheCallersContext drives AttachSession, DetachSession and PrepareSessionRemoval	S4: upstream takes 2 parameters, Go takes 1
96	pkg:protocol/.#ServerHelloError	RULE	alias-object-types	internal/experimental/protocol/messages.go#ServerHelloError	undecidable	alias body is an object/intersection/conditional type; the Go struct or named type of the same name carries the fields. The -int tree reports A4 for these (declaration inventory), the integrate tree A3	A4: the upstream declaration of ServerHelloError is missing or declared twice in the pinned sources
95	pkg:mcp/oauth#OAuthClientInformationFull	RULE	alias-object-types	mcp/oauth/types.go#OAuthClientInformationFull	undecidable	alias body is an object/intersection/conditional type; the Go struct or named type of the same name carries the fields. The -int tree reports A4 for these (declaration inventory), the integrate tree A3	A4: the upstream declaration of OAuthClientInformationFull is missing or declared twice in the pinned sources
94	pkg:mcp/oauth#AddClientAuthentication	RULE	type-mapping	mcp/oauth/flow.go#AddClientAuthentication	child-gap	AddClientAuthentication url: string | URL is *url.URL; the first row is the same P1 not-exercised case: TestMCPOAuthTokenRequestUsesTheProvidersAddClientAuthentication drives the hook	a row below it is a gap, for example pkg:mcp/oauth#AddClientAuthentication::call:0 (signature-mismatch)
94	pkg:mcp/oauth#AddClientAuthentication::call:0	RULE	type-mapping	mcp/oauth/flow.go#AddClientAuthentication	signature-mismatch	AddClientAuthentication url: string | URL is *url.URL; the first row is the same P1 not-exercised case: TestMCPOAuthTokenRequestUsesTheProvidersAddClientAuthentication drives the hook	parameter url: T1: upstream string | URL is a string, Go type is url.URL
93	pkg:mcp/.#ResourceLinkContent	RULE	alias-object-types		undecidable	ResourceLinkContent is the resource_link variant of mcp ContentBlock (content.go ContentBlock/contentBlockWire)	N5: the shape matches several Go declarations: mcp/content.go#ContentBlock, mcp/content.go#contentBlockWire
92	pkg:mcp/.#McpSessionExpiredError::property:stack	RULE	error-language-mechanics	mcp/streamable_http.go#McpSessionExpiredError	member-missing	McpError/McpSessionExpiredError: stack is a JS Error member; Cause() is an Error.cause constant nil with no upstream setter	no field or method for property stack in mcp/streamable_http.go#McpSessionExpiredError (N1, N2, json tag)
91	pkg:mcp/.#McpError::property:cause	RULE	error-language-mechanics	mcp/jsonrpc.go#McpError.Cause	not-exercised	McpError/McpSessionExpiredError: stack is a JS Error member; Cause() is an Error.cause constant nil with no upstream setter	P1: no production code reads, sets or calls mcp/jsonrpc.go#McpError.Cause (a test alone does not close a member)
91	pkg:mcp/.#McpError::property:stack	RULE	error-language-mechanics	mcp/jsonrpc.go#McpError	member-missing	McpError/McpSessionExpiredError: stack is a JS Error member; Cause() is an Error.cause constant nil with no upstream setter	no field or method for property stack in mcp/jsonrpc.go#McpError (N1, N2, json tag)
90	pkg:env/.#sshConnection::call:0	RULE	type-mapping	env/ssh.go#SshConnection	undecidable	sshConnection returns a RemotePlatform; Go SshConnection.RemotePlatform is a func returning *RemotePlatform	T9: upstream type RemotePlatform against Go type func() *env.RemotePlatform
89	pkg:durable/tools#ReadToolInput	RULE	alias-object-types	durable/tools/read.go#ReadToolInput	undecidable	alias body is an object/intersection/conditional type; the Go struct or named type of the same name carries the fields. The -int tree reports A4 for these (declaration inventory), the integrate tree A3	A4: the upstream declaration of ReadToolInput is missing or declared twice in the pinned sources
88	pkg:durable/testing#registerEnvConformance::call:0	RULE	context-param	durable/durabletest/env_conformance.go#RegisterEnvConformance	signature-mismatch	upstream trailing `context: Context` parameter is the Go leading ctx context.Context; the detector counts it as a missing parameter	S4: upstream takes 4 parameters, Go takes 5
87	pkg:durable/testing#StorageConformanceOptions	P1-UNREACHED	p1	durable/durabletest/durabletest.go#StorageConformanceOptions	child-gap	StorageConformanceOptions is test-support in a non-test file; TestStorageConformanceOptionsSupplyAssertionsAndFreshStoragePerCase drives it; prodreach cannot reach it from cmd/pig	a row below it is a gap, for example pkg:durable/testing#StorageConformanceOptions::property:assertions (not-exercised)
87	pkg:durable/testing#StorageConformanceOptions::property:assertions	P1-UNREACHED	p1	durable/durabletest/durabletest.go#StorageConformanceOptions.Assertions	not-exercised	StorageConformanceOptions is test-support in a non-test file; TestStorageConformanceOptionsSupplyAssertionsAndFreshStoragePerCase drives it; prodreach cannot reach it from cmd/pig	P1: production code uses durable/durabletest/durabletest.go#StorageConformanceOptions.Assertions only in durable/durabletest/durabletest.go#RegisterStorageConformance, which no path from cmd/pig reaches (static reach: dynamic dispatch is not followed)
87	pkg:durable/testing#StorageConformanceOptions::property:withStorage	P1-UNREACHED	p1	durable/durabletest/durabletest.go#StorageConformanceOptions.WithStorage	not-exercised	StorageConformanceOptions is test-support in a non-test file; TestStorageConformanceOptionsSupplyAssertionsAndFreshStoragePerCase drives it; prodreach cannot reach it from cmd/pig	P1: production code uses durable/durabletest/durabletest.go#StorageConformanceOptions.WithStorage only in durable/durabletest/durabletest.go#RegisterStorageConformance, which no path from cmd/pig reaches (static reach: dynamic dispatch is not followed)
87	pkg:durable/testing#StorageConformanceOptions::property:withStorage::call:0	P1-UNREACHED	p1	durable/durabletest/durabletest.go#StorageConformanceOptions.WithStorage	not-exercised	StorageConformanceOptions is test-support in a non-test file; TestStorageConformanceOptionsSupplyAssertionsAndFreshStoragePerCase drives it; prodreach cannot reach it from cmd/pig	P1: production code uses durable/durabletest/durabletest.go#StorageConformanceOptions.WithStorage only in durable/durabletest/durabletest.go#RegisterStorageConformance, which no path from cmd/pig reaches (static reach: dynamic dispatch is not followed)
86	pkg:durable/storage/sqlite/node#NodeSqliteStorageOptions	RULE	alias-object-types	durable/storage/sqlite/node/node.go#NodeSqliteStorageOptions	undecidable	alias body is an object/intersection/conditional type; the Go struct or named type of the same name carries the fields. The -int tree reports A4 for these (declaration inventory), the integrate tree A3	A4: the upstream declaration of NodeSqliteStorageOptions is missing or declared twice in the pinned sources
85	pkg:durable/storage/jsonl/node#openNodeJsonlStorage::call:0	RULE	context-param	durable/storage/jsonl/node/node.go#OpenNodeJsonlStorage	signature-mismatch	upstream trailing `context: Context` parameter is the Go leading ctx context.Context; the detector counts it as a missing parameter	S4: upstream takes 3 parameters, Go takes 2
84	pkg:durable/env#ShellOutputInfo::property:stream	P1-UNREACHED	p1	durable/env/env.go#ShellOutputInfo.Stream	not-exercised	ShellOutputInfo.Stream is set in durable/env/node exec and read by durabletest and harness code; those are not reached from cmd/pig; TestShellOutputInfoNamesTheStreamOfEachChunk covers it	P1: production code uses durable/env/env.go#ShellOutputInfo.Stream only in durable/env/node/exec.go#shellRun.callOnOutput, which no path from cmd/pig reaches (static reach: dynamic dispatch is not followed)
83	pkg:durable/env#LineScanner::property:push::call:0	RULE	type-mapping	durable/env/line_scan.go#LineScanner.Push	undecidable	Uint8Array is []byte	parameter chunk: T9: upstream type Uint8Array against Go type []byte
82	pkg:durable/.#TypedEntryDraft	RULE	alias-object-types	durable/types.go#TypedEntryDraft	undecidable	alias body is an object/intersection/conditional type; the Go struct or named type of the same name carries the fields. The -int tree reports A4 for these (declaration inventory), the integrate tree A3	A4: the upstream declaration of TypedEntryDraft is missing or declared twice in the pinned sources
81	pkg:durable/.#TaskQuery	RULE	alias-object-types	durable/types.go#TaskQuery	undecidable	alias body is an object/intersection/conditional type; the Go struct or named type of the same name carries the fields. The -int tree reports A4 for these (declaration inventory), the integrate tree A3	A4: the upstream declaration of TaskQuery is missing or declared twice in the pinned sources
80	pkg:durable/.#TableCommitChange	RULE	alias-object-types	durable/types.go#TableCommitChange	undecidable	alias body is an object/intersection/conditional type; the Go struct or named type of the same name carries the fields. The -int tree reports A4 for these (declaration inventory), the integrate tree A3	A4: the upstream declaration of TableCommitChange is missing or declared twice in the pinned sources
79	pkg:durable/.#StorageRejected::construct:0	RULE	error-language-mechanics	durable/errors.go#NewStorageRejected	undecidable	StorageRejected: name and stack are Error members, options.cause is the NewStorageRejected cause argument and the Cause field; Cause is read through errors.Is/Unwrap	parameter options: T9: upstream type ErrorOptions against Go type error
79	pkg:durable/.#StorageRejected::property:cause	RULE	error-language-mechanics	durable/errors.go#StorageRejected.Cause	not-exercised	StorageRejected: name and stack are Error members, options.cause is the NewStorageRejected cause argument and the Cause field; Cause is read through errors.Is/Unwrap	P1: production code uses durable/errors.go#StorageRejected.Cause only in durable/errors.go#NewStorageRejected, which no path from cmd/pig reaches (static reach: dynamic dispatch is not followed)
79	pkg:durable/.#StorageRejected::property:name	RULE	error-language-mechanics	durable/errors.go#StorageRejected	member-missing	StorageRejected: name and stack are Error members, options.cause is the NewStorageRejected cause argument and the Cause field; Cause is read through errors.Is/Unwrap	no field or method for property name in durable/errors.go#StorageRejected (N1, N2, json tag)
79	pkg:durable/.#StorageRejected::property:stack	RULE	error-language-mechanics	durable/errors.go#StorageRejected	member-missing	StorageRejected: name and stack are Error members, options.cause is the NewStorageRejected cause argument and the Cause field; Cause is read through errors.Is/Unwrap	no field or method for property stack in durable/errors.go#StorageRejected (N1, N2, json tag)
78	pkg:durable/.#SettledSubmissionRecord	RULE	alias-object-types	durable/harness_types.go#SettledSubmissionRecord	undecidable	alias body is an object/intersection/conditional type; the Go struct or named type of the same name carries the fields. The -int tree reports A4 for these (declaration inventory), the integrate tree A3	A4: the upstream declaration of SettledSubmissionRecord is missing or declared twice in the pinned sources
77	pkg:durable/.#Session::property:close::call:0	RULE	context-param	durable/types.go#Session.Close	signature-mismatch	upstream trailing `context: Context` parameter is the Go leading ctx context.Context; the detector counts it as a missing parameter	S4: upstream takes 1 parameters, Go takes 0
77	pkg:durable/.#Session::property:commit::call:0	RULE	context-param	durable/types.go#Session.Commit	signature-mismatch	upstream trailing `context: Context` parameter is the Go leading ctx context.Context; the detector counts it as a missing parameter	S4: upstream takes 2 parameters, Go takes 1
77	pkg:durable/.#Session::property:documentState	RULE	context-param	durable/types.go#Session	member-missing	upstream trailing `context: Context` parameter is the Go leading ctx context.Context; the detector counts it as a missing parameter	no field or method for property documentState in durable/types.go#Session (N1, N2, json tag)
77	pkg:durable/.#Session::property:documentState::call:0	RULE	context-param	durable/types.go#Session	member-missing	upstream trailing `context: Context` parameter is the Go leading ctx context.Context; the detector counts it as a missing parameter	property has no Go member
77	pkg:durable/.#Session::property:documentState::call:1	RULE	context-param	durable/types.go#Session	member-missing	upstream trailing `context: Context` parameter is the Go leading ctx context.Context; the detector counts it as a missing parameter	property has no Go member
77	pkg:durable/.#Session::property:documentState::call:2	RULE	context-param	durable/types.go#Session	member-missing	upstream trailing `context: Context` parameter is the Go leading ctx context.Context; the detector counts it as a missing parameter	property has no Go member
77	pkg:durable/.#Session::property:documentState::call:3	RULE	context-param	durable/types.go#Session	member-missing	upstream trailing `context: Context` parameter is the Go leading ctx context.Context; the detector counts it as a missing parameter	property has no Go member
77	pkg:durable/.#Session::property:documentState::call:4	RULE	context-param	durable/types.go#Session	member-missing	upstream trailing `context: Context` parameter is the Go leading ctx context.Context; the detector counts it as a missing parameter	property has no Go member
77	pkg:durable/.#Session::property:documentState::call:5	RULE	context-param	durable/types.go#Session	member-missing	upstream trailing `context: Context` parameter is the Go leading ctx context.Context; the detector counts it as a missing parameter	property has no Go member
77	pkg:durable/.#Session::property:snapshot	RULE	context-param	durable/types.go#Session	member-missing	upstream trailing `context: Context` parameter is the Go leading ctx context.Context; the detector counts it as a missing parameter	no field or method for property snapshot in durable/types.go#Session (N1, N2, json tag)
77	pkg:durable/.#Session::property:snapshot::call:0	RULE	context-param	durable/types.go#Session	member-missing	upstream trailing `context: Context` parameter is the Go leading ctx context.Context; the detector counts it as a missing parameter	property has no Go member
77	pkg:durable/.#Session::property:snapshot::call:1	RULE	context-param	durable/types.go#Session	member-missing	upstream trailing `context: Context` parameter is the Go leading ctx context.Context; the detector counts it as a missing parameter	property has no Go member
77	pkg:durable/.#Session::property:snapshot::call:2	RULE	context-param	durable/types.go#Session	member-missing	upstream trailing `context: Context` parameter is the Go leading ctx context.Context; the detector counts it as a missing parameter	property has no Go member
77	pkg:durable/.#Session::property:snapshot::call:3	RULE	context-param	durable/types.go#Session	member-missing	upstream trailing `context: Context` parameter is the Go leading ctx context.Context; the detector counts it as a missing parameter	property has no Go member
77	pkg:durable/.#Session::property:snapshot::call:4	RULE	context-param	durable/types.go#Session	member-missing	upstream trailing `context: Context` parameter is the Go leading ctx context.Context; the detector counts it as a missing parameter	property has no Go member
77	pkg:durable/.#Session::property:snapshot::call:5	RULE	context-param	durable/types.go#Session	member-missing	upstream trailing `context: Context` parameter is the Go leading ctx context.Context; the detector counts it as a missing parameter	property has no Go member
77	pkg:durable/.#Session::property:snapshotAsOf	RULE	context-param	durable/types.go#Session	member-missing	upstream trailing `context: Context` parameter is the Go leading ctx context.Context; the detector counts it as a missing parameter	no field or method for property snapshotAsOf in durable/types.go#Session (N1, N2, json tag)
77	pkg:durable/.#Session::property:snapshotAsOf::call:0	RULE	context-param	durable/types.go#Session	member-missing	upstream trailing `context: Context` parameter is the Go leading ctx context.Context; the detector counts it as a missing parameter	property has no Go member
77	pkg:durable/.#Session::property:snapshotAsOf::call:1	RULE	context-param	durable/types.go#Session	member-missing	upstream trailing `context: Context` parameter is the Go leading ctx context.Context; the detector counts it as a missing parameter	property has no Go member
77	pkg:durable/.#Session::property:subscribeCommits::call:0	RULE	context-param	durable/types.go#Session.SubscribeCommits	signature-mismatch	upstream trailing `context: Context` parameter is the Go leading ctx context.Context; the detector counts it as a missing parameter	parameter listener: S4: upstream takes 2 parameters, Go takes 1
77	pkg:durable/.#Session::property:watchDoc	RULE	context-param	durable/types.go#Session	member-missing	upstream trailing `context: Context` parameter is the Go leading ctx context.Context; the detector counts it as a missing parameter	no field or method for property watchDoc in durable/types.go#Session (N1, N2, json tag)
77	pkg:durable/.#Session::property:watchDoc::call:0	RULE	context-param	durable/types.go#Session	member-missing	upstream trailing `context: Context` parameter is the Go leading ctx context.Context; the detector counts it as a missing parameter	property has no Go member
77	pkg:durable/.#Session::property:watchDoc::call:1	RULE	context-param	durable/types.go#Session	member-missing	upstream trailing `context: Context` parameter is the Go leading ctx context.Context; the detector counts it as a missing parameter	property has no Go member
77	pkg:durable/.#Session::property:watchDoc::call:2	RULE	context-param	durable/types.go#Session	member-missing	upstream trailing `context: Context` parameter is the Go leading ctx context.Context; the detector counts it as a missing parameter	property has no Go member
77	pkg:durable/.#Session::property:watchDoc::call:3	RULE	context-param	durable/types.go#Session	member-missing	upstream trailing `context: Context` parameter is the Go leading ctx context.Context; the detector counts it as a missing parameter	property has no Go member
77	pkg:durable/.#Session::property:watchDoc::call:4	RULE	context-param	durable/types.go#Session	member-missing	upstream trailing `context: Context` parameter is the Go leading ctx context.Context; the detector counts it as a missing parameter	property has no Go member
77	pkg:durable/.#Session::property:watchDoc::call:5	RULE	context-param	durable/types.go#Session	member-missing	upstream trailing `context: Context` parameter is the Go leading ctx context.Context; the detector counts it as a missing parameter	property has no Go member
76	pkg:durable/.#ProgressPolicy	RULE	alias-object-types	durable/harness_types.go#ProgressPolicy	undecidable	alias body is an object/intersection/conditional type; the Go struct or named type of the same name carries the fields. The -int tree reports A4 for these (declaration inventory), the integrate tree A3	A4: the upstream declaration of ProgressPolicy is missing or declared twice in the pinned sources
75	pkg:durable/.#InboxDoc	RULE	type-mapping	durable/harness/inbox.go#InboxDoc	undecidable	ConversationDocToken is durable.DocToken[harness.InboxState]	T9: upstream type ConversationDocToken against Go type durable.DocToken[harness.InboxState]
74	pkg:durable/.#EnvTarget	RULE	alias-object-types	durable/harness/types.go#EnvTarget	undecidable	alias body is an object/intersection/conditional type; the Go struct or named type of the same name carries the fields. The -int tree reports A4 for these (declaration inventory), the integrate tree A3	A4: the upstream declaration of EnvTarget is missing or declared twice in the pinned sources
73	pkg:durable/.#DocumentCreate	RULE	alias-object-types	durable/types.go#DocumentCreate	undecidable	alias body is an object/intersection/conditional type; the Go struct or named type of the same name carries the fields. The -int tree reports A4 for these (declaration inventory), the integrate tree A3	A4: the upstream declaration of DocumentCreate is missing or declared twice in the pinned sources
72	pkg:durable/.#ConversationRecord	RULE	alias-object-types	durable/types.go#ConversationRecord	undecidable	alias body is an object/intersection/conditional type; the Go struct or named type of the same name carries the fields. The -int tree reports A4 for these (declaration inventory), the integrate tree A3	A4: the upstream declaration of ConversationRecord is missing or declared twice in the pinned sources
71	pkg:durable/.#ConversationHandle::property:abort::call:0	RULE	context-param	durable/harness_types.go#ConversationHandle.Abort	signature-mismatch	upstream trailing `context: Context` parameter is the Go leading ctx context.Context; the detector counts it as a missing parameter	S4: upstream takes 2 parameters, Go takes 1
71	pkg:durable/.#ConversationHandle::property:submit::call:0	RULE	context-param	durable/harness_types.go#ConversationHandle.Submit	signature-mismatch	upstream trailing `context: Context` parameter is the Go leading ctx context.Context; the detector counts it as a missing parameter	S4: upstream takes 2 parameters, Go takes 1
71	pkg:durable/.#ConversationHandle::property:waitForIdle::call:0	RULE	context-param	durable/harness_types.go#ConversationHandle.WaitForIdle	signature-mismatch	upstream trailing `context: Context` parameter is the Go leading ctx context.Context; the detector counts it as a missing parameter	S4: upstream takes 1 parameters, Go takes 0
70	pkg:durable/.#CompactionReason	RULE	alias-object-types	durable/harness_types.go#CompactionReason	undecidable	alias body is an object/intersection/conditional type; the Go struct or named type of the same name carries the fields. The -int tree reports A4 for these (declaration inventory), the integrate tree A3	A4: the upstream declaration of CompactionReason is missing or declared twice in the pinned sources
69	pkg:durable/.#AgentChange	RULE	alias-object-types	durable/harness/agent.go#AgentChange	undecidable	alias body is an object/intersection/conditional type; the Go struct or named type of the same name carries the fields. The -int tree reports A4 for these (declaration inventory), the integrate tree A3	A4: the upstream declaration of AgentChange is missing or declared twice in the pinned sources
67	pkg:coding-agent/.#migrateSessionEntries::call:0	FIXED	fixed	internal/codingagent/session_restore.go#migrateSessionEntries	signature-mismatch	migrateSessionEntries(entries) now takes the entries alone and reads the first session header version (default 1) as session-manager.ts migrateToCurrentVersion; TestMigrateSessionEntriesMatchesPi drives it without a version	S4: upstream takes 1 parameters, Go takes 2
66	pkg:coding-agent/.#initTheme::call:0	RULE	placement	cmd/pig/theme_init.go#initTheme	signature-mismatch	initTheme(themeName?, enableWatcher) is cmd/pig initTheme(settings, agentDir): Go resolves the name from settings and has no file watcher call here	parameter themeName: T1: upstream string is a string, Go type is codingagent.SettingsManager
65	pkg:coding-agent/.#generateSummary::call:0	RULE	dependency-injection	internal/codingagent/compaction/compaction.go#generateSummary	signature-mismatch	generateSummary: apiKey, headers, env, signal and callbacks travel in the Completer/StreamFn closure and ctx (same rule as GenerateBranchSummaryOptions)	S4: upstream takes 13 parameters, Go takes 10
64	pkg:coding-agent/.#createPowerShellToolDefinition	RULE	placement		no-go-symbol	createPowerShellToolDefinition is merged with createPowerShellTool in Go (CreatePowerShellTool); the Definition/Tool split is wrapToolDefinition, which Go does in one type	no Go func named createPowerShellToolDefinition (N1, N2) and no documented rename
63	pkg:coding-agent/.#createEditTool	RULE	dependency-injection	internal/codingagent/tools/tools.go#CreateEditTool	child-gap	createEditTool(cwd, options) is CreateEditTool(cwd, options, queue): Go passes the FileMutationQueue that Pi keeps as a module global (file-mutation-queue.ts); binDir likewise for bash/grep/find	a row below it is a gap, for example pkg:coding-agent/.#createEditTool::call:0 (signature-mismatch)
62	pkg:coding-agent/.#buildSessionProjection::call:0	RULE	placement	internal/codingagent/session_manager_projection.go#BuildSessionProjection	signature-mismatch	buildSessionProjection(entries, leafId?, byId?) is BuildSessionProjection(path): Go callers pass the already walked root-to-leaf path from SessionManager.GetBranch (session_manager_projection.go); leafId/byId are the path walk	S4: upstream takes 3 parameters, Go takes 1
61	pkg:coding-agent/.#ThemeColor	OTHER-LANE	shard-7-top		no-go-symbol	ThemeColor/ThemeBg consts were removed by lg-ca-member-a as caller-free (237017ab7); the rule is theirs	no Go type named ThemeColor (N1, N2) and no documented rename
60	pkg:coding-agent/.#SettingsManager::property:getTerminalCapabilityOverrides::call:0	RULE	type-mapping	internal/codingagent/settings.go#SettingsManager.GetTerminalCapabilityOverrides	undecidable	TerminalCapabilities (partial) is tui.CapabilityOverrides	result: T9: upstream type TerminalCapabilities against Go type tui.CapabilityOverrides
59	pkg:coding-agent/.#RpcSessionState::property:model	RULE	type-mapping	cmd/pig/rpc_types.go#RPCSessionState.Model	undecidable	RpcSessionState.model: Model is the RPC wire struct RPCModel (cmd/pig/rpc_types.go)	T9: upstream type Model against Go type main.RPCModel
58	pkg:coding-agent/.#ResolvedCommand::property:handler::call:0	RULE	context-param	coding/extension/command.go#RegisteredCommand.Handler	signature-mismatch	ResolvedCommand.handler(args, ctx): Go RegisteredCommand.Handler takes the context.Context-carrying command context as its one parameter	S4: upstream takes 2 parameters, Go takes 1
56	pkg:coding-agent/.#QuietStartup	RULE	alias-object-types	coding/services.go#QuietStartup	undecidable	alias body is an object/intersection/conditional type; the Go struct or named type of the same name carries the fields. The -int tree reports A4 for these (declaration inventory), the integrate tree A3	A4: the upstream declaration of QuietStartup is missing or declared twice in the pinned sources
54	pkg:coding-agent/.#KeybindingsManager::construct:0	RULE	static-factory + type-mapping	internal/codingagent/keybindings.go#NewKeybindingsManager	signature-mismatch	KeybindingsManager.create(agentDir)=NewKeybindingsManager(agentDir); constructor(userBindings, configPath) has no Go counterpart (Go resolves both from the agent dir); keyof Keybindings is the string id; KeybindingsConfig is map[string][]KeyID	S4: upstream takes 2 parameters, Go takes 1
54	pkg:coding-agent/.#KeybindingsManager::property:getDefinition::call:0	RULE	static-factory + type-mapping	internal/codingagent/keybindings.go#KeybindingsManager.GetDefinition	undecidable	KeybindingsManager.create(agentDir)=NewKeybindingsManager(agentDir); constructor(userBindings, configPath) has no Go counterpart (Go resolves both from the agent dir); keyof Keybindings is the string id; KeybindingsConfig is map[string][]KeyID	parameter keybinding: T12: type "keyof Keybindings" has no rule
54	pkg:coding-agent/.#KeybindingsManager::property:getEffectiveConfig::call:0	RULE	static-factory + type-mapping	internal/codingagent/keybindings.go#KeybindingsManager.GetEffectiveConfig	undecidable	KeybindingsManager.create(agentDir)=NewKeybindingsManager(agentDir); constructor(userBindings, configPath) has no Go counterpart (Go resolves both from the agent dir); keyof Keybindings is the string id; KeybindingsConfig is map[string][]KeyID	result: T9: upstream type KeybindingsConfig against Go type map[string]any
54	pkg:coding-agent/.#KeybindingsManager::property:getKeys::call:0	RULE	static-factory + type-mapping	internal/codingagent/keybindings.go#KeybindingsManager.GetKeys	undecidable	KeybindingsManager.create(agentDir)=NewKeybindingsManager(agentDir); constructor(userBindings, configPath) has no Go counterpart (Go resolves both from the agent dir); keyof Keybindings is the string id; KeybindingsConfig is map[string][]KeyID	parameter keybinding: T12: type "keyof Keybindings" has no rule
54	pkg:coding-agent/.#KeybindingsManager::property:getUserBindings::call:0	RULE	static-factory + type-mapping	internal/codingagent/keybindings.go#KeybindingsManager.GetUserBindings	undecidable	KeybindingsManager.create(agentDir)=NewKeybindingsManager(agentDir); constructor(userBindings, configPath) has no Go counterpart (Go resolves both from the agent dir); keyof Keybindings is the string id; KeybindingsConfig is map[string][]KeyID	result: T9: upstream type KeybindingsConfig against Go type map[string][]codingagent.KeyID
54	pkg:coding-agent/.#KeybindingsManager::property:matches::call:0	RULE	static-factory + type-mapping	internal/codingagent/keybindings.go#KeybindingsManager.Matches	undecidable	KeybindingsManager.create(agentDir)=NewKeybindingsManager(agentDir); constructor(userBindings, configPath) has no Go counterpart (Go resolves both from the agent dir); keyof Keybindings is the string id; KeybindingsConfig is map[string][]KeyID	parameter keybinding: T12: type "keyof Keybindings" has no rule
54	pkg:coding-agent/.#KeybindingsManager::property:setUserBindings::call:0	RULE	static-factory + type-mapping	internal/codingagent/keybindings.go#KeybindingsManager.SetUserBindings	undecidable	KeybindingsManager.create(agentDir)=NewKeybindingsManager(agentDir); constructor(userBindings, configPath) has no Go counterpart (Go resolves both from the agent dir); keyof Keybindings is the string id; KeybindingsConfig is map[string][]KeyID	parameter userBindings: T9: upstream type KeybindingsConfig against Go type map[string][]codingagent.KeyID
53	pkg:coding-agent/.#InlineExtension	RULE	alias-object-types	cmd/pig/extension_set.go#inlineExtension	undecidable	alias body is an object/intersection/conditional type; the Go struct or named type of the same name carries the fields. The -int tree reports A4 for these (declaration inventory), the integrate tree A3	A4: the upstream declaration of InlineExtension is missing or declared twice in the pinned sources
51	pkg:coding-agent/.#ExtensionFactory	OTHER-LANE	shard-7-top		no-go-symbol	CustomEditor, ExtensionCommandContext, ExtensionFactory are in lg-ca-member-a (440b918a5, 237017ab7): no change here	no Go type named ExtensionFactory (N1, N2) and no documented rename
50	pkg:coding-agent/.#ExtensionCommandContext	OTHER-LANE	shard-7-top	coding/extension/context.go#CommandContext	child-gap	CustomEditor, ExtensionCommandContext, ExtensionFactory are in lg-ca-member-a (440b918a5, 237017ab7): no change here	a row below it is a gap, for example pkg:coding-agent/.#ExtensionCommandContext::property:sessionManager (undecidable)
49	pkg:coding-agent/.#CustomEditor	OTHER-LANE	shard-7-top		no-go-symbol	CustomEditor, ExtensionCommandContext, ExtensionFactory are in lg-ca-member-a (440b918a5, 237017ab7): no change here	no Go type named CustomEditor (N1, N2) and no documented rename
48	pkg:coding-agent/.#BashToolDetails::property:truncation	RULE	type-mapping	coding/extension/events.go#BashToolDetails.Truncation	undecidable	BashToolDetails.truncation: TruncationResult is extension.ToolTruncation	T9: upstream type TruncationResult against Go type extension.ToolTruncation
47	pkg:coding-agent/.#AppKeybinding	RULE	removed-caller-free		no-go-symbol	AppKeybinding is the key-id union of the app keybindings; the Go KeybindingsManager takes the string ids. lg-ca-member-a removed the caller-free type (237017ab7); request a rule: keyof Keybindings resolves to the string id	no Go type named AppKeybinding (N1, N2) and no documented rename
46	pkg:codemode/.#renderDeclarations	HELD	held	codemode/declarations.go#RenderDeclarations	held	residual R3 of gap-mcp-codemode-libs.md (malformed percent-encoding in a $ref segment); reviewed fix 3b2a2a264 already merged, ledger hold to be released by the review lane	open residual R3 of docs/parity/gap-closure/gap-mcp-codemode-libs.md: a $ref segment with malformed percent-encoding makes Pi's decodeURIComponent (declarations.ts resolveRef) throw URIError out of this function; Go resolveRef renders the reference as unknown and returns no error. Release when the error is surfaced or a D<N> is approved.
46	pkg:codemode/.#renderDeclarations::call:0	HELD	held	codemode/declarations.go#RenderDeclarations	held	residual R3 of gap-mcp-codemode-libs.md (malformed percent-encoding in a $ref segment); reviewed fix 3b2a2a264 already merged, ledger hold to be released by the review lane	open residual R3 of docs/parity/gap-closure/gap-mcp-codemode-libs.md: a $ref segment with malformed percent-encoding makes Pi's decodeURIComponent (declarations.ts resolveRef) throw URIError out of this function; Go resolveRef renders the reference as unknown and returns no error. Release when the error is surfaced or a D<N> is approved.
45	pkg:chord/delta#isBase::call:0	RULE	union-as-slice-element	internal/chord/delta/delta.go#IsBase	undecidable	isBase(ops: Op | WireOp) is delta.IsBase over the Go Op, WireOp is the wire form of the same value	parameter ops: T10: union "Op | WireOp" against Go type delta.Op (not an interface with methods)
44	pkg:chord/delta#Path	RULE	alias-object-types	internal/chord/delta/delta.go#Path	undecidable	alias body is an object/intersection/conditional type; the Go struct or named type of the same name carries the fields. The -int tree reports A4 for these (declaration inventory), the integrate tree A3	A4: the upstream declaration of Path is missing or declared twice in the pinned sources
43	pkg:chord/context#awaitWithContext	RULE	placement		undecidable	awaitWithContext(promise, context) is Go ctx-aware blocking calls (select on ctx.Done); no single Go function	N5: the shape matches several Go declarations: internal/chord/provider.go#classifyImplementation, internal/chord/chordctx/chordctx.go#WithValue
42	pkg:chord/.#ServiceSubscriptionSnapshot	RULE	alias-object-types	internal/chord/types.go#ServiceSubscriptionSnapshot	undecidable	alias body is an object/intersection/conditional type; the Go struct or named type of the same name carries the fields. The -int tree reports A4 for these (declaration inventory), the integrate tree A3	A4: the upstream declaration of ServiceSubscriptionSnapshot is missing or declared twice in the pinned sources
41	pkg:chord/.#ReplicatedState	RULE	placement		undecidable	ReplicatedState<T> is the Go pair MutableReplicatedState/AttachedReplicatedState (chord/state.go); the shape matches three declarations, which is the Pi class split by capability	N5: the shape matches several Go declarations: internal/chord/state.go#AttachedReplicatedState, internal/chord/state.go#MutableReplicatedState, internal/chord/service.go#MutableReplicatedStateOf, internal/chord/state.go#ReplicaOf
40	pkg:chord/.#RemoteServiceBindingOptions::property:bound	RULE	optional-boolean-default-true	internal/chord/binding.go#RemoteServiceBindingOptions	member-missing	RemoteServiceBindingOptions.bound?: boolean (default true) is Go Unbound (zero value = Pi default); services is []string of ids (the upstream element type {id} is read only for .id)	no field or method for property bound in internal/chord/binding.go#RemoteServiceBindingOptions (N1, N2, json tag)
40	pkg:chord/.#RemoteServiceBindingOptions::property:services	RULE	optional-boolean-default-true	internal/chord/binding.go#RemoteServiceBindingOptions.Services	undecidable	RemoteServiceBindingOptions.bound?: boolean (default true) is Go Unbound (zero value = Pi default); services is []string of ids (the upstream element type {id} is read only for .id)	T12: object literal type "{ readonly id: string; }" against Go type string
