pkg:tui/.#TuiMainScreen	RULE		rename: upstream TuiMainScreen is Go tui.TUI (name differs; Go keeps TUI as the main-screen renderer)
pkg:tui/.#TuiAltScreen::construct:0	FIXED	tui/tui_alt_screen.go#NewTuiAltScreen	tuiBase now owns GetClearOnShrink/SetClearOnShrink (tui.ts:570-590); TestTuiAltScreenStoresClearOnShrink. Other rows: onDebug/renderNow/fullRedraws/stop are promoted tuiBase members or Go signatures (RenderNow(force...), FullRedraws, Stop()); hasOverlayEntries->HasOverlay, addChild/removeChild->Add/Remove, VIEWPORT_TUI->Renderer interface, terminal->io.Writer are rule requests
pkg:tui/.#TuiAltScreen::property:%5BSymbol.VIEWPORT_TUI%5D	FIXED	tui/tui_alt_screen.go#TuiAltScreen	tuiBase now owns GetClearOnShrink/SetClearOnShrink (tui.ts:570-590); TestTuiAltScreenStoresClearOnShrink. Other rows: onDebug/renderNow/fullRedraws/stop are promoted tuiBase members or Go signatures (RenderNow(force...), FullRedraws, Stop()); hasOverlayEntries->HasOverlay, addChild/removeChild->Add/Remove, VIEWPORT_TUI->Renderer interface, terminal->io.Writer are rule requests
pkg:tui/.#TuiAltScreen::property:addChild	FIXED	tui/tui_alt_screen.go#TuiAltScreen	tuiBase now owns GetClearOnShrink/SetClearOnShrink (tui.ts:570-590); TestTuiAltScreenStoresClearOnShrink. Other rows: onDebug/renderNow/fullRedraws/stop are promoted tuiBase members or Go signatures (RenderNow(force...), FullRedraws, Stop()); hasOverlayEntries->HasOverlay, addChild/removeChild->Add/Remove, VIEWPORT_TUI->Renderer interface, terminal->io.Writer are rule requests
pkg:tui/.#TuiAltScreen::property:addChild::call:0	FIXED	tui/tui_alt_screen.go#TuiAltScreen	tuiBase now owns GetClearOnShrink/SetClearOnShrink (tui.ts:570-590); TestTuiAltScreenStoresClearOnShrink. Other rows: onDebug/renderNow/fullRedraws/stop are promoted tuiBase members or Go signatures (RenderNow(force...), FullRedraws, Stop()); hasOverlayEntries->HasOverlay, addChild/removeChild->Add/Remove, VIEWPORT_TUI->Renderer interface, terminal->io.Writer are rule requests
pkg:tui/.#TuiAltScreen::property:fullRedraws	FIXED	tui/tui_alt_screen.go#TuiAltScreen	tuiBase now owns GetClearOnShrink/SetClearOnShrink (tui.ts:570-590); TestTuiAltScreenStoresClearOnShrink. Other rows: onDebug/renderNow/fullRedraws/stop are promoted tuiBase members or Go signatures (RenderNow(force...), FullRedraws, Stop()); hasOverlayEntries->HasOverlay, addChild/removeChild->Add/Remove, VIEWPORT_TUI->Renderer interface, terminal->io.Writer are rule requests
pkg:tui/.#TuiAltScreen::property:getClearOnShrink	FIXED	tui/tui_alt_screen.go#TuiAltScreen	tuiBase now owns GetClearOnShrink/SetClearOnShrink (tui.ts:570-590); TestTuiAltScreenStoresClearOnShrink. Other rows: onDebug/renderNow/fullRedraws/stop are promoted tuiBase members or Go signatures (RenderNow(force...), FullRedraws, Stop()); hasOverlayEntries->HasOverlay, addChild/removeChild->Add/Remove, VIEWPORT_TUI->Renderer interface, terminal->io.Writer are rule requests
pkg:tui/.#TuiAltScreen::property:getClearOnShrink::call:0	FIXED	tui/tui_alt_screen.go#TuiAltScreen	tuiBase now owns GetClearOnShrink/SetClearOnShrink (tui.ts:570-590); TestTuiAltScreenStoresClearOnShrink. Other rows: onDebug/renderNow/fullRedraws/stop are promoted tuiBase members or Go signatures (RenderNow(force...), FullRedraws, Stop()); hasOverlayEntries->HasOverlay, addChild/removeChild->Add/Remove, VIEWPORT_TUI->Renderer interface, terminal->io.Writer are rule requests
pkg:tui/.#TuiAltScreen::property:hasOverlayEntries	FIXED	tui/tui_alt_screen.go#TuiAltScreen	tuiBase now owns GetClearOnShrink/SetClearOnShrink (tui.ts:570-590); TestTuiAltScreenStoresClearOnShrink. Other rows: onDebug/renderNow/fullRedraws/stop are promoted tuiBase members or Go signatures (RenderNow(force...), FullRedraws, Stop()); hasOverlayEntries->HasOverlay, addChild/removeChild->Add/Remove, VIEWPORT_TUI->Renderer interface, terminal->io.Writer are rule requests
pkg:tui/.#TuiAltScreen::property:onDebug	FIXED	tui/tui_alt_screen.go#TuiAltScreen	tuiBase now owns GetClearOnShrink/SetClearOnShrink (tui.ts:570-590); TestTuiAltScreenStoresClearOnShrink. Other rows: onDebug/renderNow/fullRedraws/stop are promoted tuiBase members or Go signatures (RenderNow(force...), FullRedraws, Stop()); hasOverlayEntries->HasOverlay, addChild/removeChild->Add/Remove, VIEWPORT_TUI->Renderer interface, terminal->io.Writer are rule requests
pkg:tui/.#TuiAltScreen::property:queryTerminalColors::call:0	FIXED	tui/terminal_color_query.go#tuiBase.QueryTerminalColors	tuiBase now owns GetClearOnShrink/SetClearOnShrink (tui.ts:570-590); TestTuiAltScreenStoresClearOnShrink. Other rows: onDebug/renderNow/fullRedraws/stop are promoted tuiBase members or Go signatures (RenderNow(force...), FullRedraws, Stop()); hasOverlayEntries->HasOverlay, addChild/removeChild->Add/Remove, VIEWPORT_TUI->Renderer interface, terminal->io.Writer are rule requests
pkg:tui/.#TuiAltScreen::property:removeChild	FIXED	tui/tui_alt_screen.go#TuiAltScreen	tuiBase now owns GetClearOnShrink/SetClearOnShrink (tui.ts:570-590); TestTuiAltScreenStoresClearOnShrink. Other rows: onDebug/renderNow/fullRedraws/stop are promoted tuiBase members or Go signatures (RenderNow(force...), FullRedraws, Stop()); hasOverlayEntries->HasOverlay, addChild/removeChild->Add/Remove, VIEWPORT_TUI->Renderer interface, terminal->io.Writer are rule requests
pkg:tui/.#TuiAltScreen::property:removeChild::call:0	FIXED	tui/tui_alt_screen.go#TuiAltScreen	tuiBase now owns GetClearOnShrink/SetClearOnShrink (tui.ts:570-590); TestTuiAltScreenStoresClearOnShrink. Other rows: onDebug/renderNow/fullRedraws/stop are promoted tuiBase members or Go signatures (RenderNow(force...), FullRedraws, Stop()); hasOverlayEntries->HasOverlay, addChild/removeChild->Add/Remove, VIEWPORT_TUI->Renderer interface, terminal->io.Writer are rule requests
pkg:tui/.#TuiAltScreen::property:render::call:0	FIXED	tui/tui.go#tuiBase.Render	tuiBase now owns GetClearOnShrink/SetClearOnShrink (tui.ts:570-590); TestTuiAltScreenStoresClearOnShrink. Other rows: onDebug/renderNow/fullRedraws/stop are promoted tuiBase members or Go signatures (RenderNow(force...), FullRedraws, Stop()); hasOverlayEntries->HasOverlay, addChild/removeChild->Add/Remove, VIEWPORT_TUI->Renderer interface, terminal->io.Writer are rule requests
pkg:tui/.#TuiAltScreen::property:renderNow	FIXED	tui/tui_alt_screen.go#TuiAltScreen	tuiBase now owns GetClearOnShrink/SetClearOnShrink (tui.ts:570-590); TestTuiAltScreenStoresClearOnShrink. Other rows: onDebug/renderNow/fullRedraws/stop are promoted tuiBase members or Go signatures (RenderNow(force...), FullRedraws, Stop()); hasOverlayEntries->HasOverlay, addChild/removeChild->Add/Remove, VIEWPORT_TUI->Renderer interface, terminal->io.Writer are rule requests
pkg:tui/.#TuiAltScreen::property:renderNow::call:0	FIXED	tui/tui_alt_screen.go#TuiAltScreen	tuiBase now owns GetClearOnShrink/SetClearOnShrink (tui.ts:570-590); TestTuiAltScreenStoresClearOnShrink. Other rows: onDebug/renderNow/fullRedraws/stop are promoted tuiBase members or Go signatures (RenderNow(force...), FullRedraws, Stop()); hasOverlayEntries->HasOverlay, addChild/removeChild->Add/Remove, VIEWPORT_TUI->Renderer interface, terminal->io.Writer are rule requests
pkg:tui/.#TuiAltScreen::property:requestRender::call:0	FIXED	tui/tui.go#tuiBase.RequestRender	tuiBase now owns GetClearOnShrink/SetClearOnShrink (tui.ts:570-590); TestTuiAltScreenStoresClearOnShrink. Other rows: onDebug/renderNow/fullRedraws/stop are promoted tuiBase members or Go signatures (RenderNow(force...), FullRedraws, Stop()); hasOverlayEntries->HasOverlay, addChild/removeChild->Add/Remove, VIEWPORT_TUI->Renderer interface, terminal->io.Writer are rule requests
pkg:tui/.#TuiAltScreen::property:stop::call:0	FIXED	tui/tui_alt_screen.go#TuiAltScreen.Stop	tuiBase now owns GetClearOnShrink/SetClearOnShrink (tui.ts:570-590); TestTuiAltScreenStoresClearOnShrink. Other rows: onDebug/renderNow/fullRedraws/stop are promoted tuiBase members or Go signatures (RenderNow(force...), FullRedraws, Stop()); hasOverlayEntries->HasOverlay, addChild/removeChild->Add/Remove, VIEWPORT_TUI->Renderer interface, terminal->io.Writer are rule requests
pkg:tui/.#TuiAltScreen::property:terminal	FIXED	tui/tui_alt_screen.go#TuiAltScreen	tuiBase now owns GetClearOnShrink/SetClearOnShrink (tui.ts:570-590); TestTuiAltScreenStoresClearOnShrink. Other rows: onDebug/renderNow/fullRedraws/stop are promoted tuiBase members or Go signatures (RenderNow(force...), FullRedraws, Stop()); hasOverlayEntries->HasOverlay, addChild/removeChild->Add/Remove, VIEWPORT_TUI->Renderer interface, terminal->io.Writer are rule requests
pkg:tui/.#TruncatedText::construct:0	CLOSED	tui/truncated_text.go#NewTruncatedText	NewTruncatedText(content, paddingX, paddingY int) already takes three parameters; the extractor counts the grouped 'paddingX, paddingY int' as one
pkg:tui/.#StackChild	RULE	tui/stack.go#StackChild	alias body 'Component | StackEntry' [A3]: Go StackChild is a sealed interface
pkg:tui/.#NativeClipboard::property:getImage::call:0	RULE	internal/nativeplatform/clipboard.go#NativeClipboard.GetImage	Uint8Array vs []byte [T9]
pkg:tui/.#KeybindingsManager::property:getDefinition::call:0	RULE	tui/keybindings.go#TUIKeybindingsManager.GetDefinition	keyof Keybindings string-literal union vs Go string keybinding id; KeybindingsConfig vs map[string]any (JSON object)
pkg:tui/.#KeybindingsManager::property:getKeys::call:0	RULE	tui/keybindings.go#TUIKeybindingsManager.GetKeys	keyof Keybindings string-literal union vs Go string keybinding id; KeybindingsConfig vs map[string]any (JSON object)
pkg:tui/.#KeybindingsManager::property:getResolvedBindings::call:0	RULE	tui/keybindings.go#TUIKeybindingsManager.GetResolvedBindings	keyof Keybindings string-literal union vs Go string keybinding id; KeybindingsConfig vs map[string]any (JSON object)
pkg:tui/.#KeybindingsManager::property:matches::call:0	RULE	tui/keybindings.go#TUIKeybindingsManager.Matches	keyof Keybindings string-literal union vs Go string keybinding id; KeybindingsConfig vs map[string]any (JSON object)
pkg:tui/.#IndexedColor::property:kind	CLOSED	tui/colors.go#IndexedColor	kind is the method IndexedColor.Kind() of the sealed Color union (tui/colors.go:35)
pkg:telemetry/.#TelemetryStartAttributeDefinition	RULE	telemetry/schema.go#TelemetryStartAttributeDefinition	alias body intersection [A3]
pkg:telemetry/.#InferRequiredAndOptionalAttributes	RULE		type-level conditional helper (inferred type); no runtime value
pkg:server/.#SessionMetadata::property:id	RULE	internal/experimental/routing/types.go#SessionMetadata	field-bearing interface vs Go interface method SessionID() (AGENTS.md: no field-bearing interfaces)
pkg:server/.#SessionAmbiguousError::property:cause	RULE	internal/experimental/routing/errors.go#SessionAmbiguousError.Unwrap	extends Error members: name->Name, cause->Unwrap (TestSessionAmbiguousErrorUnwrapsToItsServerError), stack has no Go counterpart; open string-union code is a plain Go string
pkg:server/.#SessionAmbiguousError::property:code	RULE	internal/experimental/routing/errors.go#ServerError.Code	extends Error members: name->Name, cause->Unwrap (TestSessionAmbiguousErrorUnwrapsToItsServerError), stack has no Go counterpart; open string-union code is a plain Go string
pkg:server/.#SessionAmbiguousError::property:name	RULE	internal/experimental/routing/errors.go#SessionAmbiguousError	extends Error members: name->Name, cause->Unwrap (TestSessionAmbiguousErrorUnwrapsToItsServerError), stack has no Go counterpart; open string-union code is a plain Go string
pkg:server/.#SessionAmbiguousError::property:stack	RULE	internal/experimental/routing/errors.go#SessionAmbiguousError	extends Error members: name->Name, cause->Unwrap (TestSessionAmbiguousErrorUnwrapsToItsServerError), stack has no Go counterpart; open string-union code is a plain Go string
pkg:server/.#RoutedServerServiceHost::property:attachClient::call:0	RULE	internal/experimental/routing/types.go#RoutedServerServiceHost.AttachClient	trailing durable Context parameter vs leading context.Context; attachClient second parameter is the Context
pkg:server/.#RoutedServerServiceAttachment::property:invokeService::call:0	RULE	internal/experimental/routing/types.go#RoutedServerServiceAttachment.InvokeService	trailing durable Context parameter vs leading context.Context
pkg:server/.#RoutedServerServiceAttachment::property:release::call:0	RULE	internal/experimental/routing/types.go#RoutedServerServiceAttachment.Release	trailing durable Context parameter vs leading context.Context
pkg:mcp/.#SupportedProtocolVersion	CLOSED		mcp.SupportedProtocolVersions (types.go:16) is used by client.go:404
pkg:mcp/.#McpConnectionClosedError::construct:0	CLOSED	mcp/jsonrpc.go#NewConnectionClosedError	NewMcpConnectionClosedError(message), Name(), Cause() exist (mcp/jsonrpc.go:280-300); stack has no Go counterpart
pkg:mcp/.#McpConnectionClosedError::property:cause	CLOSED	mcp/jsonrpc.go#McpConnectionClosedError	NewMcpConnectionClosedError(message), Name(), Cause() exist (mcp/jsonrpc.go:280-300); stack has no Go counterpart
pkg:mcp/.#McpConnectionClosedError::property:name	CLOSED	mcp/jsonrpc.go#McpConnectionClosedError	NewMcpConnectionClosedError(message), Name(), Cause() exist (mcp/jsonrpc.go:280-300); stack has no Go counterpart
pkg:mcp/.#McpConnectionClosedError::property:stack	CLOSED	mcp/jsonrpc.go#McpConnectionClosedError	NewMcpConnectionClosedError(message), Name(), Cause() exist (mcp/jsonrpc.go:280-300); stack has no Go counterpart
pkg:protocol/.#RpcTarget	RULE	internal/experimental/protocol/messages.go#RpcTarget	named Static<schema> type vs Go struct [T9]
pkg:mcp/.#EmbeddedResourceContent	RULE		N5: several Go declarations match; ContentBlock is the exported one
pkg:env/.#sshArguments	RULE	env/ssh.go#SshArguments	defaulted trailing parameters (strictHostKeys, knownHostsFile) vs Go private sshArguments(target, strict, file) behind SshArguments(target) [S4]; SshArguments is exercised by env/ssh_arguments_test.go
pkg:env/.#sshArguments::call:0	RULE	env/ssh.go#SshArguments	defaulted trailing parameters (strictHostKeys, knownHostsFile) vs Go private sshArguments(target, strict, file) behind SshArguments(target) [S4]; SshArguments is exercised by env/ssh_arguments_test.go
pkg:env/.#HostKeyChangedError::construct:0	RULE	env/ssh.go#HostKeyChangedError	class X extends Error (constructor(message, options)) vs Go struct literal with Message; name->type name, cause has no source (never set); Message exercised by TestHostKeyChangedErrorCarriesItsMessage
pkg:env/.#HostKeyChangedError::construct:1	RULE	env/ssh.go#HostKeyChangedError	class X extends Error (constructor(message, options)) vs Go struct literal with Message; name->type name, cause has no source (never set); Message exercised by TestHostKeyChangedErrorCarriesItsMessage
pkg:env/.#HostKeyChangedError::property:cause	RULE	env/ssh.go#HostKeyChangedError	class X extends Error (constructor(message, options)) vs Go struct literal with Message; name->type name, cause has no source (never set); Message exercised by TestHostKeyChangedErrorCarriesItsMessage
pkg:env/.#HostKeyChangedError::property:message	RULE	env/ssh.go#HostKeyChangedError.Message	class X extends Error (constructor(message, options)) vs Go struct literal with Message; name->type name, cause has no source (never set); Message exercised by TestHostKeyChangedErrorCarriesItsMessage
pkg:env/.#HostKeyChangedError::property:name	RULE	env/ssh.go#HostKeyChangedError	class X extends Error (constructor(message, options)) vs Go struct literal with Message; name->type name, cause has no source (never set); Message exercised by TestHostKeyChangedErrorCarriesItsMessage
pkg:env/.#HostKeyChangedError::property:stack	RULE	env/ssh.go#HostKeyChangedError	class X extends Error (constructor(message, options)) vs Go struct literal with Message; name->type name, cause has no source (never set); Message exercised by TestHostKeyChangedErrorCarriesItsMessage
pkg:durable/tools#PowerShellToolInput	RULE	durable/tools/bash.go#PowerShellToolInput	named Static<schema> type [T9]
pkg:durable/testing#createExpectAssertions	RULE		designed out: adapter binding the vitest expect function to StorageConformanceAssertions; Go tests use testing.T
pkg:durable/storage/sqlite#SqliteMigration	RULE	durable/storage/sqlite/migrations.go#SqliteMigration	alias body object literal [A3]
pkg:durable/env#startsWithBom::call:0	RULE	durable/env/decode.go#StartsWithBom	Uint8Array vs []byte [T9]
pkg:durable/storage/memory#MemoryStorage::property:close	CLOSED	durable/storage/memory.go#MemoryStorage.Close	NEEDS-TEST rows: memory_storage_reads_test.go exercises every method directly (the ledger predates it); S4 rows: trailing durable Context vs leading context.Context; entry overload split into Entry/VisibleEntry
pkg:durable/storage/memory#MemoryStorage::property:close::call:0	CLOSED	durable/storage/memory.go#MemoryStorage.Close	NEEDS-TEST rows: memory_storage_reads_test.go exercises every method directly (the ledger predates it); S4 rows: trailing durable Context vs leading context.Context; entry overload split into Entry/VisibleEntry
pkg:durable/storage/memory#MemoryStorage::property:commit::call:0	CLOSED	durable/storage/memory.go#MemoryStorage.Commit	NEEDS-TEST rows: memory_storage_reads_test.go exercises every method directly (the ledger predates it); S4 rows: trailing durable Context vs leading context.Context; entry overload split into Entry/VisibleEntry
pkg:durable/storage/memory#MemoryStorage::property:conversation::call:0	CLOSED	durable/storage/memory.go#MemoryStorage.Conversation	NEEDS-TEST rows: memory_storage_reads_test.go exercises every method directly (the ledger predates it); S4 rows: trailing durable Context vs leading context.Context; entry overload split into Entry/VisibleEntry
pkg:durable/storage/memory#MemoryStorage::property:document	CLOSED	durable/storage/memory.go#MemoryStorage.Document	NEEDS-TEST rows: memory_storage_reads_test.go exercises every method directly (the ledger predates it); S4 rows: trailing durable Context vs leading context.Context; entry overload split into Entry/VisibleEntry
pkg:durable/storage/memory#MemoryStorage::property:document::call:0	CLOSED	durable/storage/memory.go#MemoryStorage.Document	NEEDS-TEST rows: memory_storage_reads_test.go exercises every method directly (the ledger predates it); S4 rows: trailing durable Context vs leading context.Context; entry overload split into Entry/VisibleEntry
pkg:durable/storage/memory#MemoryStorage::property:entry::call:0	CLOSED	durable/storage/memory.go#MemoryStorage.Entry	NEEDS-TEST rows: memory_storage_reads_test.go exercises every method directly (the ledger predates it); S4 rows: trailing durable Context vs leading context.Context; entry overload split into Entry/VisibleEntry
pkg:durable/storage/memory#MemoryStorage::property:entry::call:1	CLOSED	durable/storage/memory.go#MemoryStorage.Entry	NEEDS-TEST rows: memory_storage_reads_test.go exercises every method directly (the ledger predates it); S4 rows: trailing durable Context vs leading context.Context; entry overload split into Entry/VisibleEntry
pkg:durable/storage/memory#MemoryStorage::property:findDocument::call:0	CLOSED	durable/storage/memory.go#MemoryStorage.FindDocument	NEEDS-TEST rows: memory_storage_reads_test.go exercises every method directly (the ledger predates it); S4 rows: trailing durable Context vs leading context.Context; entry overload split into Entry/VisibleEntry
pkg:durable/storage/memory#MemoryStorage::property:findLatestHeadMarker	CLOSED	durable/storage/memory.go#MemoryStorage.FindLatestHeadMarker	NEEDS-TEST rows: memory_storage_reads_test.go exercises every method directly (the ledger predates it); S4 rows: trailing durable Context vs leading context.Context; entry overload split into Entry/VisibleEntry
pkg:durable/storage/memory#MemoryStorage::property:findLatestHeadMarker::call:0	CLOSED	durable/storage/memory.go#MemoryStorage.FindLatestHeadMarker	NEEDS-TEST rows: memory_storage_reads_test.go exercises every method directly (the ledger predates it); S4 rows: trailing durable Context vs leading context.Context; entry overload split into Entry/VisibleEntry
pkg:durable/storage/memory#MemoryStorage::property:mintId	CLOSED	durable/storage/memory.go#MemoryStorage.MintId	NEEDS-TEST rows: memory_storage_reads_test.go exercises every method directly (the ledger predates it); S4 rows: trailing durable Context vs leading context.Context; entry overload split into Entry/VisibleEntry
pkg:durable/storage/memory#MemoryStorage::property:mintId::call:0	CLOSED	durable/storage/memory.go#MemoryStorage.MintId	NEEDS-TEST rows: memory_storage_reads_test.go exercises every method directly (the ledger predates it); S4 rows: trailing durable Context vs leading context.Context; entry overload split into Entry/VisibleEntry
pkg:durable/storage/memory#MemoryStorage::property:prepareCommit::call:0	CLOSED	durable/storage/memory.go#MemoryStorage.PrepareCommit	NEEDS-TEST rows: memory_storage_reads_test.go exercises every method directly (the ledger predates it); S4 rows: trailing durable Context vs leading context.Context; entry overload split into Entry/VisibleEntry
pkg:durable/storage/memory#MemoryStorage::property:scanConversations	CLOSED	durable/storage/memory.go#MemoryStorage.ScanConversations	NEEDS-TEST rows: memory_storage_reads_test.go exercises every method directly (the ledger predates it); S4 rows: trailing durable Context vs leading context.Context; entry overload split into Entry/VisibleEntry
pkg:durable/storage/memory#MemoryStorage::property:scanConversations::call:0	CLOSED	durable/storage/memory.go#MemoryStorage.ScanConversations	NEEDS-TEST rows: memory_storage_reads_test.go exercises every method directly (the ledger predates it); S4 rows: trailing durable Context vs leading context.Context; entry overload split into Entry/VisibleEntry
pkg:durable/storage/memory#MemoryStorage::property:scanDocuments::call:0	CLOSED	durable/storage/memory.go#MemoryStorage.ScanDocuments	NEEDS-TEST rows: memory_storage_reads_test.go exercises every method directly (the ledger predates it); S4 rows: trailing durable Context vs leading context.Context; entry overload split into Entry/VisibleEntry
pkg:durable/storage/memory#MemoryStorage::property:scanEntries	CLOSED	durable/storage/memory.go#MemoryStorage.ScanEntries	NEEDS-TEST rows: memory_storage_reads_test.go exercises every method directly (the ledger predates it); S4 rows: trailing durable Context vs leading context.Context; entry overload split into Entry/VisibleEntry
pkg:durable/storage/memory#MemoryStorage::property:scanEntries::call:0	CLOSED	durable/storage/memory.go#MemoryStorage.ScanEntries	NEEDS-TEST rows: memory_storage_reads_test.go exercises every method directly (the ledger predates it); S4 rows: trailing durable Context vs leading context.Context; entry overload split into Entry/VisibleEntry
pkg:durable/storage/memory#MemoryStorage::property:scanSubmissions	CLOSED	durable/storage/memory.go#MemoryStorage.ScanSubmissions	NEEDS-TEST rows: memory_storage_reads_test.go exercises every method directly (the ledger predates it); S4 rows: trailing durable Context vs leading context.Context; entry overload split into Entry/VisibleEntry
pkg:durable/storage/memory#MemoryStorage::property:scanSubmissions::call:0	CLOSED	durable/storage/memory.go#MemoryStorage.ScanSubmissions	NEEDS-TEST rows: memory_storage_reads_test.go exercises every method directly (the ledger predates it); S4 rows: trailing durable Context vs leading context.Context; entry overload split into Entry/VisibleEntry
pkg:durable/storage/memory#MemoryStorage::property:scanTasks	CLOSED	durable/storage/memory.go#MemoryStorage.ScanTasks	NEEDS-TEST rows: memory_storage_reads_test.go exercises every method directly (the ledger predates it); S4 rows: trailing durable Context vs leading context.Context; entry overload split into Entry/VisibleEntry
pkg:durable/storage/memory#MemoryStorage::property:scanTasks::call:0	CLOSED	durable/storage/memory.go#MemoryStorage.ScanTasks	NEEDS-TEST rows: memory_storage_reads_test.go exercises every method directly (the ledger predates it); S4 rows: trailing durable Context vs leading context.Context; entry overload split into Entry/VisibleEntry
pkg:durable/storage/memory#MemoryStorage::property:submission	CLOSED	durable/storage/memory.go#MemoryStorage.Submission	NEEDS-TEST rows: memory_storage_reads_test.go exercises every method directly (the ledger predates it); S4 rows: trailing durable Context vs leading context.Context; entry overload split into Entry/VisibleEntry
pkg:durable/storage/memory#MemoryStorage::property:submission::call:0	CLOSED	durable/storage/memory.go#MemoryStorage.Submission	NEEDS-TEST rows: memory_storage_reads_test.go exercises every method directly (the ledger predates it); S4 rows: trailing durable Context vs leading context.Context; entry overload split into Entry/VisibleEntry
pkg:durable/storage/memory#MemoryStorage::property:submissionByRequest::call:0	CLOSED	durable/storage/memory.go#MemoryStorage.SubmissionByRequest	NEEDS-TEST rows: memory_storage_reads_test.go exercises every method directly (the ledger predates it); S4 rows: trailing durable Context vs leading context.Context; entry overload split into Entry/VisibleEntry
pkg:durable/storage/memory#MemoryStorage::property:task::call:0	CLOSED	durable/storage/memory.go#MemoryStorage.Task	NEEDS-TEST rows: memory_storage_reads_test.go exercises every method directly (the ledger predates it); S4 rows: trailing durable Context vs leading context.Context; entry overload split into Entry/VisibleEntry
pkg:durable/.#Tx::property:appendEntry::call:1	CLOSED	durable/types.go#Tx.AppendEntry	createTask -> package CreateTask generic helper (documented in durable/types.go); ownership -> CreateConversationOptions.Ownership; doc/retireDoc overload by token type -> erased method + TxDoc generic; NEEDS-TEST rows: session_tx_submission_reads_test.go exercises LatestHeadMarker, SubmissionByRequest and PlaceSubmission (production caller harness/inbox.go); token/union rows are rule requests [T9][T10][T12]
pkg:durable/.#Tx::property:createConversation::call:0	CLOSED	durable/types.go#Tx.CreateConversation	createTask -> package CreateTask generic helper (documented in durable/types.go); ownership -> CreateConversationOptions.Ownership; doc/retireDoc overload by token type -> erased method + TxDoc generic; NEEDS-TEST rows: session_tx_submission_reads_test.go exercises LatestHeadMarker, SubmissionByRequest and PlaceSubmission (production caller harness/inbox.go); token/union rows are rule requests [T9][T10][T12]
pkg:durable/.#Tx::property:createSubmission::call:0	CLOSED	durable/types.go#Tx.CreateSubmission	createTask -> package CreateTask generic helper (documented in durable/types.go); ownership -> CreateConversationOptions.Ownership; doc/retireDoc overload by token type -> erased method + TxDoc generic; NEEDS-TEST rows: session_tx_submission_reads_test.go exercises LatestHeadMarker, SubmissionByRequest and PlaceSubmission (production caller harness/inbox.go); token/union rows are rule requests [T9][T10][T12]
pkg:durable/.#Tx::property:createTask	CLOSED	durable/types.go#Tx	createTask -> package CreateTask generic helper (documented in durable/types.go); ownership -> CreateConversationOptions.Ownership; doc/retireDoc overload by token type -> erased method + TxDoc generic; NEEDS-TEST rows: session_tx_submission_reads_test.go exercises LatestHeadMarker, SubmissionByRequest and PlaceSubmission (production caller harness/inbox.go); token/union rows are rule requests [T9][T10][T12]
pkg:durable/.#Tx::property:createTask::call:0	CLOSED	durable/types.go#Tx	createTask -> package CreateTask generic helper (documented in durable/types.go); ownership -> CreateConversationOptions.Ownership; doc/retireDoc overload by token type -> erased method + TxDoc generic; NEEDS-TEST rows: session_tx_submission_reads_test.go exercises LatestHeadMarker, SubmissionByRequest and PlaceSubmission (production caller harness/inbox.go); token/union rows are rule requests [T9][T10][T12]
pkg:durable/.#Tx::property:doc::call:0	CLOSED	durable/types.go#Tx.Doc	createTask -> package CreateTask generic helper (documented in durable/types.go); ownership -> CreateConversationOptions.Ownership; doc/retireDoc overload by token type -> erased method + TxDoc generic; NEEDS-TEST rows: session_tx_submission_reads_test.go exercises LatestHeadMarker, SubmissionByRequest and PlaceSubmission (production caller harness/inbox.go); token/union rows are rule requests [T9][T10][T12]
pkg:durable/.#Tx::property:doc::call:1	CLOSED	durable/types.go#Tx.Doc	createTask -> package CreateTask generic helper (documented in durable/types.go); ownership -> CreateConversationOptions.Ownership; doc/retireDoc overload by token type -> erased method + TxDoc generic; NEEDS-TEST rows: session_tx_submission_reads_test.go exercises LatestHeadMarker, SubmissionByRequest and PlaceSubmission (production caller harness/inbox.go); token/union rows are rule requests [T9][T10][T12]
pkg:durable/.#Tx::property:doc::call:2	CLOSED	durable/types.go#Tx.Doc	createTask -> package CreateTask generic helper (documented in durable/types.go); ownership -> CreateConversationOptions.Ownership; doc/retireDoc overload by token type -> erased method + TxDoc generic; NEEDS-TEST rows: session_tx_submission_reads_test.go exercises LatestHeadMarker, SubmissionByRequest and PlaceSubmission (production caller harness/inbox.go); token/union rows are rule requests [T9][T10][T12]
pkg:durable/.#Tx::property:doc::call:3	CLOSED	durable/types.go#Tx.Doc	createTask -> package CreateTask generic helper (documented in durable/types.go); ownership -> CreateConversationOptions.Ownership; doc/retireDoc overload by token type -> erased method + TxDoc generic; NEEDS-TEST rows: session_tx_submission_reads_test.go exercises LatestHeadMarker, SubmissionByRequest and PlaceSubmission (production caller harness/inbox.go); token/union rows are rule requests [T9][T10][T12]
pkg:durable/.#Tx::property:doc::call:4	CLOSED	durable/types.go#Tx.Doc	createTask -> package CreateTask generic helper (documented in durable/types.go); ownership -> CreateConversationOptions.Ownership; doc/retireDoc overload by token type -> erased method + TxDoc generic; NEEDS-TEST rows: session_tx_submission_reads_test.go exercises LatestHeadMarker, SubmissionByRequest and PlaceSubmission (production caller harness/inbox.go); token/union rows are rule requests [T9][T10][T12]
pkg:durable/.#Tx::property:doc::call:5	CLOSED	durable/types.go#Tx.Doc	createTask -> package CreateTask generic helper (documented in durable/types.go); ownership -> CreateConversationOptions.Ownership; doc/retireDoc overload by token type -> erased method + TxDoc generic; NEEDS-TEST rows: session_tx_submission_reads_test.go exercises LatestHeadMarker, SubmissionByRequest and PlaceSubmission (production caller harness/inbox.go); token/union rows are rule requests [T9][T10][T12]
pkg:durable/.#Tx::property:entry::call:1	CLOSED	durable/types.go#Tx.Entry	createTask -> package CreateTask generic helper (documented in durable/types.go); ownership -> CreateConversationOptions.Ownership; doc/retireDoc overload by token type -> erased method + TxDoc generic; NEEDS-TEST rows: session_tx_submission_reads_test.go exercises LatestHeadMarker, SubmissionByRequest and PlaceSubmission (production caller harness/inbox.go); token/union rows are rule requests [T9][T10][T12]
pkg:durable/.#Tx::property:forkConversation::call:0	CLOSED	durable/types.go#Tx.ForkConversation	createTask -> package CreateTask generic helper (documented in durable/types.go); ownership -> CreateConversationOptions.Ownership; doc/retireDoc overload by token type -> erased method + TxDoc generic; NEEDS-TEST rows: session_tx_submission_reads_test.go exercises LatestHeadMarker, SubmissionByRequest and PlaceSubmission (production caller harness/inbox.go); token/union rows are rule requests [T9][T10][T12]
pkg:durable/.#Tx::property:latestHeadMarker	CLOSED	durable/types.go#Tx.LatestHeadMarker	createTask -> package CreateTask generic helper (documented in durable/types.go); ownership -> CreateConversationOptions.Ownership; doc/retireDoc overload by token type -> erased method + TxDoc generic; NEEDS-TEST rows: session_tx_submission_reads_test.go exercises LatestHeadMarker, SubmissionByRequest and PlaceSubmission (production caller harness/inbox.go); token/union rows are rule requests [T9][T10][T12]
pkg:durable/.#Tx::property:latestHeadMarker::call:0	CLOSED	durable/types.go#Tx.LatestHeadMarker	createTask -> package CreateTask generic helper (documented in durable/types.go); ownership -> CreateConversationOptions.Ownership; doc/retireDoc overload by token type -> erased method + TxDoc generic; NEEDS-TEST rows: session_tx_submission_reads_test.go exercises LatestHeadMarker, SubmissionByRequest and PlaceSubmission (production caller harness/inbox.go); token/union rows are rule requests [T9][T10][T12]
pkg:durable/.#Tx::property:placeSubmission	CLOSED	durable/types.go#Tx.PlaceSubmission	createTask -> package CreateTask generic helper (documented in durable/types.go); ownership -> CreateConversationOptions.Ownership; doc/retireDoc overload by token type -> erased method + TxDoc generic; NEEDS-TEST rows: session_tx_submission_reads_test.go exercises LatestHeadMarker, SubmissionByRequest and PlaceSubmission (production caller harness/inbox.go); token/union rows are rule requests [T9][T10][T12]
pkg:durable/.#Tx::property:placeSubmission::call:0	CLOSED	durable/types.go#Tx.PlaceSubmission	createTask -> package CreateTask generic helper (documented in durable/types.go); ownership -> CreateConversationOptions.Ownership; doc/retireDoc overload by token type -> erased method + TxDoc generic; NEEDS-TEST rows: session_tx_submission_reads_test.go exercises LatestHeadMarker, SubmissionByRequest and PlaceSubmission (production caller harness/inbox.go); token/union rows are rule requests [T9][T10][T12]
pkg:durable/.#Tx::property:retireDoc::call:0	CLOSED	durable/types.go#Tx.RetireDoc	createTask -> package CreateTask generic helper (documented in durable/types.go); ownership -> CreateConversationOptions.Ownership; doc/retireDoc overload by token type -> erased method + TxDoc generic; NEEDS-TEST rows: session_tx_submission_reads_test.go exercises LatestHeadMarker, SubmissionByRequest and PlaceSubmission (production caller harness/inbox.go); token/union rows are rule requests [T9][T10][T12]
pkg:durable/.#Tx::property:retireDoc::call:1	CLOSED	durable/types.go#Tx.RetireDoc	createTask -> package CreateTask generic helper (documented in durable/types.go); ownership -> CreateConversationOptions.Ownership; doc/retireDoc overload by token type -> erased method + TxDoc generic; NEEDS-TEST rows: session_tx_submission_reads_test.go exercises LatestHeadMarker, SubmissionByRequest and PlaceSubmission (production caller harness/inbox.go); token/union rows are rule requests [T9][T10][T12]
pkg:durable/.#Tx::property:retireDoc::call:2	CLOSED	durable/types.go#Tx.RetireDoc	createTask -> package CreateTask generic helper (documented in durable/types.go); ownership -> CreateConversationOptions.Ownership; doc/retireDoc overload by token type -> erased method + TxDoc generic; NEEDS-TEST rows: session_tx_submission_reads_test.go exercises LatestHeadMarker, SubmissionByRequest and PlaceSubmission (production caller harness/inbox.go); token/union rows are rule requests [T9][T10][T12]
pkg:durable/.#Tx::property:retireDoc::call:3	CLOSED	durable/types.go#Tx.RetireDoc	createTask -> package CreateTask generic helper (documented in durable/types.go); ownership -> CreateConversationOptions.Ownership; doc/retireDoc overload by token type -> erased method + TxDoc generic; NEEDS-TEST rows: session_tx_submission_reads_test.go exercises LatestHeadMarker, SubmissionByRequest and PlaceSubmission (production caller harness/inbox.go); token/union rows are rule requests [T9][T10][T12]
pkg:durable/.#Tx::property:retireDoc::call:4	CLOSED	durable/types.go#Tx.RetireDoc	createTask -> package CreateTask generic helper (documented in durable/types.go); ownership -> CreateConversationOptions.Ownership; doc/retireDoc overload by token type -> erased method + TxDoc generic; NEEDS-TEST rows: session_tx_submission_reads_test.go exercises LatestHeadMarker, SubmissionByRequest and PlaceSubmission (production caller harness/inbox.go); token/union rows are rule requests [T9][T10][T12]
pkg:durable/.#Tx::property:retireDoc::call:5	CLOSED	durable/types.go#Tx.RetireDoc	createTask -> package CreateTask generic helper (documented in durable/types.go); ownership -> CreateConversationOptions.Ownership; doc/retireDoc overload by token type -> erased method + TxDoc generic; NEEDS-TEST rows: session_tx_submission_reads_test.go exercises LatestHeadMarker, SubmissionByRequest and PlaceSubmission (production caller harness/inbox.go); token/union rows are rule requests [T9][T10][T12]
pkg:durable/.#Tx::property:submissionByRequest	CLOSED	durable/types.go#Tx.SubmissionByRequest	createTask -> package CreateTask generic helper (documented in durable/types.go); ownership -> CreateConversationOptions.Ownership; doc/retireDoc overload by token type -> erased method + TxDoc generic; NEEDS-TEST rows: session_tx_submission_reads_test.go exercises LatestHeadMarker, SubmissionByRequest and PlaceSubmission (production caller harness/inbox.go); token/union rows are rule requests [T9][T10][T12]
pkg:durable/.#Tx::property:submissionByRequest::call:0	CLOSED	durable/types.go#Tx.SubmissionByRequest	createTask -> package CreateTask generic helper (documented in durable/types.go); ownership -> CreateConversationOptions.Ownership; doc/retireDoc overload by token type -> erased method + TxDoc generic; NEEDS-TEST rows: session_tx_submission_reads_test.go exercises LatestHeadMarker, SubmissionByRequest and PlaceSubmission (production caller harness/inbox.go); token/union rows are rule requests [T9][T10][T12]
pkg:durable/.#section::call:0	RULE	durable/harness/define.go#Section	render(input, context) trailing durable Context vs leading context.Context
pkg:durable/.#ToolTaskResult	RULE	durable/harness/tool.go#ToolTaskResult	alias body object literal / branded type [A3]
pkg:durable/.#TaskOutcomeError	RULE	durable/types.go#TaskOutcomeError	alias body object literal / branded type [A3]
pkg:durable/.#SessionDocFamilyToken	RULE	durable/types.go#SessionDocFamilyToken	alias body object literal / branded type [A3]
pkg:durable/.#SubmissionSettlement	RULE	durable/types.go#SubmissionSettlement	discriminated union whose discriminator (readonly status) is a method/type on the Go variants [U5]
pkg:durable/.#NextTaskState	RULE	durable/types.go#NextTaskState	named type [T9]
pkg:durable/.#HooksOf	RULE		type-level mapped helper HooksOf<K>; Hook[I,S,R,H] carries the hook type as H
pkg:durable/.#EntryQuery	RULE	durable/types.go#EntryQuery	alias body object literal [A3]
pkg:durable/.#DocumentContent	RULE	durable/types.go#DocumentContent	discriminated union; discriminator is the Go variant type [U5]
pkg:durable/.#DocToken::property:%5BSymbol.docType%5D	RULE	durable/types.go#DocToken	phantom brand Symbol key and private definition field; exercised by every typed document access in durable/session tests
pkg:durable/.#DocToken::property:definition	RULE	durable/types.go#DocToken.definition	phantom brand Symbol key and private definition field; exercised by every typed document access in durable/session tests
pkg:durable/.#ConversationOwnership	RULE	durable/types.go#ConversationOwnership	discriminated union [U5]
pkg:durable/.#CompactionInput	RULE	durable/harness/compaction.go#CompactionInput	alias body object literal [A3]
pkg:coding-agent/.#runRpcMode::call:0	RULE	cmd/pig/rpc_mode.go#runRPCMode	runRpcMode(runtimeHost) vs Go RunRPCMode(ctx, in, out): process I/O and cancellation are explicit parameters
pkg:coding-agent/.#keyText	RULE		rename: keyText -> tui.ActionKeyText
pkg:coding-agent/.#getSettingsListTheme	CLOSED		SettingsList takes an injected SettingsListTheme (tui/settings_list.go:55-75); getSettingsListTheme itself is the nil-theme default; rename rule for the factory
pkg:coding-agent/.#formatDimensionNote::call:0	RULE	internal/imageprocessing/images.go#formatDimensionNote	named type ResizedImage vs unexported preparedImageResult [T9]
pkg:coding-agent/.#createMcpExtension	RULE		rename/placement: createMcpExtension -> builtin mcp extension in coding/extension/builtin (mcp_on.go)
pkg:coding-agent/.#createCodemodeExtension	RULE		rename/placement: createCodemodeExtension -> codemode.Extension(options) (coding/extension/builtin/codemode/tool.go:250)
pkg:coding-agent/.#buildContextEntries::call:0	RULE	internal/codingagent/session_context.go#BuildContextEntries	byId precomputed index is a cache of entries (session-manager.ts:395); Go derives it from entries, same result
pkg:coding-agent/.#WriteToolInput	RULE	coding/extension/opaque_types.go#WriteToolInput	named Static<schema> type [T9]
pkg:coding-agent/.#ThemeAppearance	CLOSED		extensions/sdk ThemeAppearance (ui_theme.go:245)
pkg:coding-agent/.#SkillInvocationMessageComponent::construct:0	FIXED	tui/skill_invocation.go#SkillInvocationMessageComponent	NewSkillInvocationMessageComponent (constructor named after the class); Box members promoted from the embedded *Box
pkg:coding-agent/.#SkillInvocationMessageComponent::property:addChild	FIXED	tui/skill_invocation.go#SkillInvocationMessageComponent	NewSkillInvocationMessageComponent (constructor named after the class); Box members promoted from the embedded *Box
pkg:coding-agent/.#SkillInvocationMessageComponent::property:addChild::call:0	FIXED	tui/skill_invocation.go#SkillInvocationMessageComponent	NewSkillInvocationMessageComponent (constructor named after the class); Box members promoted from the embedded *Box
pkg:coding-agent/.#SkillInvocationMessageComponent::property:children	FIXED	tui/skill_invocation.go#SkillInvocationMessageComponent	NewSkillInvocationMessageComponent (constructor named after the class); Box members promoted from the embedded *Box
pkg:coding-agent/.#SkillInvocationMessageComponent::property:clear	FIXED	tui/skill_invocation.go#SkillInvocationMessageComponent	NewSkillInvocationMessageComponent (constructor named after the class); Box members promoted from the embedded *Box
pkg:coding-agent/.#SkillInvocationMessageComponent::property:clear::call:0	FIXED	tui/skill_invocation.go#SkillInvocationMessageComponent	NewSkillInvocationMessageComponent (constructor named after the class); Box members promoted from the embedded *Box
pkg:coding-agent/.#SkillInvocationMessageComponent::property:removeChild	FIXED	tui/skill_invocation.go#SkillInvocationMessageComponent	NewSkillInvocationMessageComponent (constructor named after the class); Box members promoted from the embedded *Box
pkg:coding-agent/.#SkillInvocationMessageComponent::property:removeChild::call:0	FIXED	tui/skill_invocation.go#SkillInvocationMessageComponent	NewSkillInvocationMessageComponent (constructor named after the class); Box members promoted from the embedded *Box
pkg:coding-agent/.#SkillInvocationMessageComponent::property:setBgFn	FIXED	tui/skill_invocation.go#SkillInvocationMessageComponent	NewSkillInvocationMessageComponent (constructor named after the class); Box members promoted from the embedded *Box
pkg:coding-agent/.#SkillInvocationMessageComponent::property:setBgFn::call:0	FIXED	tui/skill_invocation.go#SkillInvocationMessageComponent	NewSkillInvocationMessageComponent (constructor named after the class); Box members promoted from the embedded *Box
pkg:coding-agent/.#ShowImagesSelectorComponent::construct:0	FIXED	tui/show_images_selector.go#ShowImagesSelectorComponent	NewShowImagesSelectorComponent; Container members promoted; getSelectList -> List() rename rule
pkg:coding-agent/.#ShowImagesSelectorComponent::property:addChild	FIXED	tui/show_images_selector.go#ShowImagesSelectorComponent	NewShowImagesSelectorComponent; Container members promoted; getSelectList -> List() rename rule
pkg:coding-agent/.#ShowImagesSelectorComponent::property:addChild::call:0	FIXED	tui/show_images_selector.go#ShowImagesSelectorComponent	NewShowImagesSelectorComponent; Container members promoted; getSelectList -> List() rename rule
pkg:coding-agent/.#ShowImagesSelectorComponent::property:children	FIXED	tui/show_images_selector.go#ShowImagesSelectorComponent	NewShowImagesSelectorComponent; Container members promoted; getSelectList -> List() rename rule
pkg:coding-agent/.#ShowImagesSelectorComponent::property:clear	FIXED	tui/show_images_selector.go#ShowImagesSelectorComponent	NewShowImagesSelectorComponent; Container members promoted; getSelectList -> List() rename rule
pkg:coding-agent/.#ShowImagesSelectorComponent::property:clear::call:0	FIXED	tui/show_images_selector.go#ShowImagesSelectorComponent	NewShowImagesSelectorComponent; Container members promoted; getSelectList -> List() rename rule
pkg:coding-agent/.#ShowImagesSelectorComponent::property:getSelectList	FIXED	tui/show_images_selector.go#ShowImagesSelectorComponent	NewShowImagesSelectorComponent; Container members promoted; getSelectList -> List() rename rule
pkg:coding-agent/.#ShowImagesSelectorComponent::property:getSelectList::call:0	FIXED	tui/show_images_selector.go#ShowImagesSelectorComponent	NewShowImagesSelectorComponent; Container members promoted; getSelectList -> List() rename rule
pkg:coding-agent/.#ShowImagesSelectorComponent::property:handleMouse	FIXED	tui/show_images_selector.go#ShowImagesSelectorComponent	NewShowImagesSelectorComponent; Container members promoted; getSelectList -> List() rename rule
pkg:coding-agent/.#ShowImagesSelectorComponent::property:handleMouse::call:0	FIXED	tui/show_images_selector.go#ShowImagesSelectorComponent	NewShowImagesSelectorComponent; Container members promoted; getSelectList -> List() rename rule
pkg:coding-agent/.#ShowImagesSelectorComponent::property:removeChild	FIXED	tui/show_images_selector.go#ShowImagesSelectorComponent	NewShowImagesSelectorComponent; Container members promoted; getSelectList -> List() rename rule
pkg:coding-agent/.#ShowImagesSelectorComponent::property:removeChild::call:0	FIXED	tui/show_images_selector.go#ShowImagesSelectorComponent	NewShowImagesSelectorComponent; Container members promoted; getSelectList -> List() rename rule
pkg:coding-agent/.#SettingsConfig	CLOSED		codingagent.SettingsConfig (settings_selector.go:18)
pkg:coding-agent/.#RenderDiffOptions	CLOSED		tui.RenderDiffOptions (diff_render.go:43)
pkg:coding-agent/.#ProviderConfig::property:oauth	CLOSED	coding/extension/provider.go#ProviderConfig.OAuth	ProviderOAuth.UsesCallbackServer, ProviderConfig.RefreshModels exist; TranscriptContext vs AIContext is a named-type rule [T9]
pkg:coding-agent/.#ProviderConfig::property:refreshModels	CLOSED	coding/extension/provider.go#ProviderConfig	ProviderOAuth.UsesCallbackServer, ProviderConfig.RefreshModels exist; TranscriptContext vs AIContext is a named-type rule [T9]
pkg:coding-agent/.#ProviderConfig::property:streamSimple	CLOSED	coding/extension/provider.go#ProviderConfig.StreamSimple	ProviderOAuth.UsesCallbackServer, ProviderConfig.RefreshModels exist; TranscriptContext vs AIContext is a named-type rule [T9]
pkg:coding-agent/.#ProjectTrustDecision	CLOSED		extensions/sdk ProjectTrustDecision (extension.go:41)
pkg:coding-agent/.#LsToolCallEvent::property:input	RULE	coding/extension/events.go#LsToolCallEvent.Input	input object literal type vs named Go input struct [T12]
pkg:coding-agent/.#EditToolCallEvent::property:input	RULE	coding/extension/events.go#EditToolCallEvent.Input	input object literal type vs named Go input struct [T12]
pkg:coding-agent/.#GenerateBranchSummaryOptions::property:apiKey	RULE	internal/codingagent/compaction/branch_summarization.go#GenerateBranchSummaryOptions	apiKey/headers/env/signal/callbacks reach the request through the Completer/StreamFn closure (Go adds no caller-free fields; the earlier APIKey/Headers/Env additions were removed in review); RetryPolicy named type vs RetryOptions [T9]
pkg:coding-agent/.#GenerateBranchSummaryOptions::property:callbacks	RULE	internal/codingagent/compaction/branch_summarization.go#GenerateBranchSummaryOptions	apiKey/headers/env/signal/callbacks reach the request through the Completer/StreamFn closure (Go adds no caller-free fields; the earlier APIKey/Headers/Env additions were removed in review); RetryPolicy named type vs RetryOptions [T9]
pkg:coding-agent/.#GenerateBranchSummaryOptions::property:env	RULE	internal/codingagent/compaction/branch_summarization.go#GenerateBranchSummaryOptions	apiKey/headers/env/signal/callbacks reach the request through the Completer/StreamFn closure (Go adds no caller-free fields; the earlier APIKey/Headers/Env additions were removed in review); RetryPolicy named type vs RetryOptions [T9]
pkg:coding-agent/.#GenerateBranchSummaryOptions::property:headers	RULE	internal/codingagent/compaction/branch_summarization.go#GenerateBranchSummaryOptions	apiKey/headers/env/signal/callbacks reach the request through the Completer/StreamFn closure (Go adds no caller-free fields; the earlier APIKey/Headers/Env additions were removed in review); RetryPolicy named type vs RetryOptions [T9]
pkg:coding-agent/.#GenerateBranchSummaryOptions::property:retry	RULE	internal/codingagent/compaction/branch_summarization.go#GenerateBranchSummaryOptions.Retry	apiKey/headers/env/signal/callbacks reach the request through the Completer/StreamFn closure (Go adds no caller-free fields; the earlier APIKey/Headers/Env additions were removed in review); RetryPolicy named type vs RetryOptions [T9]
pkg:coding-agent/.#FullscreenExitOutput	CLOSED		codingagent.FullscreenExitOutput (settings.go)
pkg:coding-agent/.#CreateAgentSessionServicesOptions	CLOSED		coding.CreateAgentSessionServicesOptions (coding/services.go:79)
pkg:coding-agent/.#BashExecutionComponent	CLOSED		tui.BashExecutionComponent (tui/bash_execution.go:18)
pkg:codemode/source#CodemodeSourceError::construct:0	RULE	codemode/source.go#SourceError	rename CodemodeSourceError -> SourceError; extends Error members name/cause as Name()/Unwrap()
pkg:codemode/source#CodemodeSourceError::property:cause	RULE	codemode/source.go#SourceError	rename CodemodeSourceError -> SourceError; extends Error members name/cause as Name()/Unwrap()
pkg:codemode/source#CodemodeSourceError::property:name	RULE	codemode/source.go#SourceError	rename CodemodeSourceError -> SourceError; extends Error members name/cause as Name()/Unwrap()
pkg:codemode/source#CodemodeSourceError::property:stack	RULE	codemode/source.go#SourceError	rename CodemodeSourceError -> SourceError; extends Error members name/cause as Name()/Unwrap()
pkg:codemode/declarations#schemaToType	HELD	codemode/declarations.go#SchemaToType	held: open residual R3 of gap-mcp-codemode-libs.md (percent-encoded $ref)
pkg:codemode/declarations#schemaToType::call:0	HELD	codemode/declarations.go#SchemaToType	held: open residual R3 of gap-mcp-codemode-libs.md (percent-encoded $ref)
pkg:codemode/declarations#MCP_TYPESCRIPT_PREAMBLE	RULE	codemode/declarations.go#McpTypescriptPreamble	string literal type vs Go string const [T12]
pkg:client/.#createClientServiceTransport::call:0	RULE	internal/experimental/client/client.go#CreateClientServiceTransport	named Client type vs ServiceTransportClient interface [T9]
pkg:client/.#ByteTransport::property:send	CLOSED	internal/experimental/client/transport.go#ByteTransport.Send	Promise<void> settlement is the complete callback (documented on ByteTransport); unix_*_test.go exercise Send
pkg:client/.#ByteTransport::property:send::call:0	CLOSED	internal/experimental/client/transport.go#ByteTransport.Send	Promise<void> settlement is the complete callback (documented on ByteTransport); unix_*_test.go exercise Send
pkg:chord/delta#decoder	RULE		rename: decoder() -> NewDecoder() (internal/chord/delta/codec.go:77), encoder() -> NewEncoder()
pkg:chord/delta#NonEmptyPath	RULE		type-level brand NonEmptyPath over Path; Go validates the same shape at runtime
pkg:chord/.#isRemoteServiceErrorCode::call:0	CLOSED	internal/chord/types.go#IsRemoteServiceErrorCode	IsRemoteServiceErrorCode(value any) takes one parameter (internal/chord/types.go:167)
pkg:chord/.#ServiceMemberSnapshot	RULE	internal/chord/types.go#ServiceMemberSnapshot	discriminated union; discriminator is the Go variant type [U5]
pkg:chord/.#ContextKey	RULE		phantom type brand (Symbol key) [T12]
pkg:ai/utils/transcript#TranscriptMessages	RULE		type alias readonly {role: string}[] vs Go TranscriptContext/[]Message [A3]
pkg:ai/utils/model-operations#assertChatModel::call:0	RULE	ai/model_operations_export.go#AssertChatModel	AnyModel vs ai.Model [T9]
pkg:ai/providers/xai#xaiProvider	RULE		placement: Go builds each built-in provider through the one shared builtinProvider(id)/BuiltinProviders() (providers/all.ts getBuiltinProviders); per-provider named factories would have no production caller
pkg:ai/providers/opencode#opencodeProvider	RULE		placement: Go builds each built-in provider through the one shared builtinProvider(id)/BuiltinProviders() (providers/all.ts getBuiltinProviders); per-provider named factories would have no production caller
pkg:ai/providers/groq#groqProvider	RULE		placement: Go builds each built-in provider through the one shared builtinProvider(id)/BuiltinProviders() (providers/all.ts getBuiltinProviders); per-provider named factories would have no production caller
pkg:ai/providers/all#getBuiltinProviders	RULE		placement: Go builds each built-in provider through the one shared builtinProvider(id)/BuiltinProviders() (providers/all.ts getBuiltinProviders); per-provider named factories would have no production caller
pkg:ai/providers/faux#FauxProviderState::property:deferredFetchCount	CLOSED	ai/faux.go#FauxProviderState.DeferredFetchCount	FauxProviderState.DeferredFetchCount is exercised by ai/faux_state_upstream_test.go
pkg:ai/models#ModelsDeferredCancelOptions	RULE	ai/models_runtime.go#DeferredCancelOptions	alias intersection [A3]
pkg:ai/compat#streamSimpleGoogleVertex	RULE		placement: legacy compat dispatch (stream<Api>, <api>Api lazy accessors) vs Models.Stream and provider constructors; Go keeps no global api registry
pkg:ai/compat#streamAnthropic	RULE		placement: legacy compat dispatch (stream<Api>, <api>Api lazy accessors) vs Models.Stream and provider constructors; Go keeps no global api registry
pkg:ai/api/google-generative-ai.lazy#googleGenerativeAIApi	RULE		placement: legacy compat dispatch (stream<Api>, <api>Api lazy accessors) vs Models.Stream and provider constructors; Go keeps no global api registry
pkg:ai/api/pi-messages#stream	RULE		placement: per-api module stream() vs the Go provider's Stream method on the shared Provider interface
pkg:ai/api/openai-codex-responses#stream	RULE		placement: per-api module stream() vs the Go provider's Stream method on the shared Provider interface
pkg:ai/compat#lazyOAuth	CLOSED		ai.LazyOAuth (ai/auth_lazy.go:22)
pkg:ai/compat#StringEnum	CLOSED		ai.StringEnum (ai/typebox_helpers.go:12)
pkg:ai/api/anthropic-messages#AnthropicEffort	CLOSED		ai.AnthropicEffort (ai/types.go:947)
pkg:ai/compat#fauxToolCall::call:0	RULE	ai/faux.go#FauxToolCall	options object {id?} vs Go string parameter [T12]
pkg:ai/compat#ProviderStreamOptions	RULE		alias intersection StreamOptions & Record<string, unknown> [A3]; extra keys are typed StreamOptions fields in Go
pkg:ai/compat#ModelType	RULE	ai/model_types.go#ModelType	keyof ModelTypeMap alias [A3]; Go selects by ModelType string
pkg:ai/compat#ConstrainedSamplingConfig	RULE	ai/types.go#ConstrainedSamplingConfig	discriminator Type is a bare Go string [U5]
pkg:ai/api/system-one-shared#SystemOneTransport::property:payload::call:0	RULE	ai/system_one.go#systemOneTransport.payload	unknown result vs map[string]any; URL vs string [T4][T9]
pkg:ai/api/system-one-shared#SystemOneTransport::property:url::call:0	RULE	ai/system_one.go#systemOneTransport.url	unknown result vs map[string]any; URL vs string [T4][T9]
pkg:ai/api/mistral-conversations#MistralOptions	RULE		placement: provider option interfaces (MistralOptions toolChoice/promptMode/reasoningEffort) are fields of the shared ai.StreamOptions (ai/types.go:700 PromptMode)
pkg:ai/api/google-shared#toGoogleSdkThinkingLevel	RULE		SDK enum identity map: Go has no SDK; the GoogleThinkingLevel strings are the wire values (ai/google.go:303)
pkg:ai/api/azure-openai-config#resolveDeploymentName::call:0	RULE	ai/azure_config.go#ResolveAzureDeploymentName	Model vs string model id parameter [T9]
pkg:ai/.#fauxText::call:0	RULE	ai/faux.go#FauxText	TextContent vs tagged FauxContentBlock [T9]
pkg:ai/.#ProviderId	RULE		alias KnownProvider | string vs Go string [A1]
pkg:ai/.#ModelsError::construct:0	CLOSED	ai/auth_resolve.go#NewModelsError	ModelsError has Name(), Cause and Unwrap (ai/auth_resolve.go:162-190); stack has no Go counterpart
pkg:ai/.#ModelsError::property:stack	CLOSED	ai/auth_resolve.go#ModelsError	ModelsError has Name(), Cause and Unwrap (ai/auth_resolve.go:162-190); stack has no Go counterpart
pkg:ai/.#KnownProvider	RULE	ai/types.go#Provider	named/branded or discriminated type vs differently named Go type [T9][U4][U5][A1]
pkg:ai/.#FauxResponseFactory::call:0	RULE	ai/faux.go#FauxResponseFactory	named/branded or discriminated type vs differently named Go type [T9][U4][U5][A1]
pkg:ai/.#ClassifierAnswer	RULE	ai/classifier.go#ClassifierAnswer	named/branded or discriminated type vs differently named Go type [T9][U4][U5][A1]
pkg:agent/.#ProxyStreamOptions::property:thinkingBudgets	RULE	agent/proxy.go#ProxyStreamOptions.ThinkingBudgets	named/branded or discriminated type vs differently named Go type [T9][U4][U5][A1]
pkg:agent/.#ProxyAssistantMessageEvent	RULE	agent/proxy.go#ProxyAssistantMessageEvent	named/branded or discriminated type vs differently named Go type [T9][U4][U5][A1]
pkg:ai/compat#PiMessagesOptions	LEFT-TO-SIBLING		lg-ai-types-a batch 3 names this symbol (PiMessagesOptions/BedrockCompat/AnthropicThinkingDisplay); not present in this tree after its reviewer removals, so it stays with that lane
pkg:ai/compat#BedrockCompat	LEFT-TO-SIBLING		lg-ai-types-a batch 3 names this symbol (PiMessagesOptions/BedrockCompat/AnthropicThinkingDisplay); not present in this tree after its reviewer removals, so it stays with that lane
pkg:ai/compat#AnthropicThinkingDisplay	LEFT-TO-SIBLING		lg-ai-types-a batch 3 names this symbol (PiMessagesOptions/BedrockCompat/AnthropicThinkingDisplay); not present in this tree after its reviewer removals, so it stays with that lane
