group	id	family	go_symbol	detail
pkg:coding-agent/.#CompactionEntry	pkg:coding-agent/.#CompactionEntry::property:systemMessage	placement	internal/codingagent/session.go#CompactionEntry.SystemMessage	Go stores the SystemMessage as json.RawMessage so session files round-trip unchanged; it is written by compactionSystemMessage (internal/codingagent/session.go:917, Pi session-manager.ts:1270-1283) and read when projecting a compaction (session-manager.ts:463)
pkg:coding-agent/.#LoadExtensionsResult	pkg:coding-agent/.#LoadExtensionsResult::property:runtime	placement	coding/resource_loader_extend.go#LoadExtensionsResult	Pi LoadExtensionsResult.runtime (loader.ts) is the in-process ExtensionRuntime; the Extension Host owns it in Go (coding/resource_loader_extend.go:37)
pkg:coding-agent/.#ResourceCollision	pkg:coding-agent/.#ResourceCollision::property:winnerSource	type-only-upstream	coding/extension/diagnostics.go#ResourceCollision.WinnerSource	Pi declares it (diagnostics.ts:6) and never sets or reads it
pkg:coding-agent/.#ResourceCollision	pkg:coding-agent/.#ResourceCollision::property:loserSource	type-only-upstream	coding/extension/diagnostics.go#ResourceCollision.LoserSource	Pi declares it (diagnostics.ts:7) and never sets or reads it
pkg:coding-agent/.#SessionBeforeForkResult	pkg:coding-agent/.#SessionBeforeForkResult::property:skipConversationRestore	type-only-upstream	coding/extension/events.go#SessionBeforeForkResult.SkipConversationRestore	Pi declares it (types.ts:1469) and never reads it
pkg:coding-agent/.#SessionCompactFailedEvent	pkg:coding-agent/.#SessionCompactFailedEvent::property:willRetry	constant-upstream	coding/extension/events.go#SessionCompactFailedEvent.WillRetry	Pi always emits willRetry false (agent-session.ts:2888,3021,3219); Go zero value is that constant
pkg:coding-agent/.#GenerateBranchSummaryOptions	pkg:coding-agent/.#GenerateBranchSummaryOptions::property:apiKey	placement	internal/codingagent/compaction/branch_summarization.go#GenerateBranchSummaryOptions	Go applies summarization auth by wrapping the completer/streamFn (coding/session_summarization_auth.go:59 prepareSummarizationRequest), the same path compaction uses; Pi passes apiKey/headers/env into StreamOptions (branch-summarization.ts:352)
pkg:coding-agent/.#GenerateBranchSummaryOptions	pkg:coding-agent/.#GenerateBranchSummaryOptions::property:headers	placement	internal/codingagent/compaction/branch_summarization.go#GenerateBranchSummaryOptions	see apiKey
pkg:coding-agent/.#GenerateBranchSummaryOptions	pkg:coding-agent/.#GenerateBranchSummaryOptions::property:env	placement	internal/codingagent/compaction/branch_summarization.go#GenerateBranchSummaryOptions	see apiKey
pkg:coding-agent/.#ExtensionUIContext	pkg:coding-agent/.#ExtensionUIContext::property:onTerminalInput	interface-implementer-reach	coding/extension/ui.go#UIContext.OnTerminalInput	coding/extension/host/subprocess/ui_bridge.go:1268 handleOnTerminalInput serves the extension call and cmd/pig/rpc_ui.go:249 implements it (Pi RPC mode has a no-op onTerminalInput); the detector counts only calls through the interface type
pkg:coding-agent/.#ExtensionUIContext	pkg:coding-agent/.#ExtensionUIContext::property:setWidget	interface-implementer-reach	coding/extension/ui.go#UIContext.SetWidget	cmd/pig/rpc_mode_runtime.go:236,258,269 call h.ui.SetWidget and coding/extension/host/subprocess/ui_bridge.go:3628 handleSetWidget serves the extension call; Pi ui.setWidget (types.ts ExtensionUIContext). The detector counts only calls through the interface type, not through its implementers
pkg:coding-agent/.#ExtensionInputComponent	pkg:coding-agent/.#ExtensionInputComponent::property:focused	focusable-getter	tui/extension_input.go#ExtensionInputComponent.Focused	Pi `get focused` returns the component's own flag and TUI setFocus assigns it (model-selector.ts:44-51, thinking-selector.ts:44-53, session-selector.ts:314-321,730-740, extension-input.ts:27-34). Go's Focused() reports the search input's flag, which the constructor sets because the modal selector runners in internal/codingagent/session_selectors.go do not call SetFocus; tests: selector_focus_getter_test.go, tui/extension_input_test.go. Reader is the Focusable contract (tui.IsFocusable)
pkg:coding-agent/.#ModelSelectorComponent	pkg:coding-agent/.#ModelSelectorComponent::property:focused	focusable-getter	tui/model_select.go#ModelSelectorComponent.Focused	Pi `get focused` returns the component's own flag and TUI setFocus assigns it (model-selector.ts:44-51, thinking-selector.ts:44-53, session-selector.ts:314-321,730-740, extension-input.ts:27-34). Go's Focused() reports the search input's flag, which the constructor sets because the modal selector runners in internal/codingagent/session_selectors.go do not call SetFocus; tests: selector_focus_getter_test.go, tui/extension_input_test.go. Reader is the Focusable contract (tui.IsFocusable)
pkg:coding-agent/.#SessionSelectorComponent	pkg:coding-agent/.#SessionSelectorComponent::property:focused	focusable-getter	internal/codingagent/session_selector.go#SessionSelectorComponent.Focused	Pi `get focused` returns the component's own flag and TUI setFocus assigns it (model-selector.ts:44-51, thinking-selector.ts:44-53, session-selector.ts:314-321,730-740, extension-input.ts:27-34). Go's Focused() reports the search input's flag, which the constructor sets because the modal selector runners in internal/codingagent/session_selectors.go do not call SetFocus; tests: selector_focus_getter_test.go, tui/extension_input_test.go. Reader is the Focusable contract (tui.IsFocusable)
pkg:coding-agent/.#ThinkingSelectorComponent	pkg:coding-agent/.#ThinkingSelectorComponent::property:focused	focusable-getter	internal/codingagent/thinking_selector.go#ThinkingSelectorComponent.Focused	Pi `get focused` returns the component's own flag and TUI setFocus assigns it (model-selector.ts:44-51, thinking-selector.ts:44-53, session-selector.ts:314-321,730-740, extension-input.ts:27-34). Go's Focused() reports the search input's flag, which the constructor sets because the modal selector runners in internal/codingagent/session_selectors.go do not call SetFocus; tests: selector_focus_getter_test.go, tui/extension_input_test.go. Reader is the Focusable contract (tui.IsFocusable)
pkg:coding-agent/.#AgentEndEvent	pkg:coding-agent/.#AgentEndEvent::property:messages	extension-opaque-alias	coding/extension/events.go#AgentEndEvent.Messages	extension.AgentMessage is an opaque `any` alias (coding/extension/opaque_types.go:11-16): extension payloads cross the dynamic JSON boundary of the Extension Host, and a typed alias would change the public extension API and risk the byte round trip of context/message results. Placement pending owner decision (questions/gap-ledger-followups.md)
pkg:coding-agent/.#AgentSessionRuntime	pkg:coding-agent/.#AgentSessionRuntime::property:newSession::call:0	extension-opaque-alias	coding/runtime_replacement.go#Runtime.NewSession	extension.SessionManager is an opaque `any` alias (coding/extension/opaque_types.go:11-16): extension payloads cross the dynamic JSON boundary of the Extension Host, and a typed alias would change the public extension API and risk the byte round trip of context/message results. Placement pending owner decision (questions/gap-ledger-followups.md)
pkg:coding-agent/.#BeforeAgentStartEvent	pkg:coding-agent/.#BeforeAgentStartEvent::property:images	extension-opaque-alias	coding/extension/events.go#BeforeAgentStartEvent.Images	extension.ImageContent is an opaque `any` alias (coding/extension/opaque_types.go:11-16): extension payloads cross the dynamic JSON boundary of the Extension Host, and a typed alias would change the public extension API and risk the byte round trip of context/message results. Placement pending owner decision (questions/gap-ledger-followups.md)
pkg:coding-agent/.#BoundaryContextPreview	pkg:coding-agent/.#BoundaryContextPreview::property:contextMessages	extension-opaque-alias	coding/extension/events.go#BoundaryContextPreview.ContextMessages	extension.AgentMessage is an opaque `any` alias (coding/extension/opaque_types.go:11-16): extension payloads cross the dynamic JSON boundary of the Extension Host, and a typed alias would change the public extension API and risk the byte round trip of context/message results. Placement pending owner decision (questions/gap-ledger-followups.md)
pkg:coding-agent/.#BoundaryContextPreview	pkg:coding-agent/.#BoundaryContextPreview::property:pendingMessages	extension-opaque-alias	coding/extension/events.go#BoundaryContextPreview.PendingMessages	extension.AgentMessage is an opaque `any` alias (coding/extension/opaque_types.go:11-16): extension payloads cross the dynamic JSON boundary of the Extension Host, and a typed alias would change the public extension API and risk the byte round trip of context/message results. Placement pending owner decision (questions/gap-ledger-followups.md)
pkg:coding-agent/.#CompactOptions	pkg:coding-agent/.#CompactOptions::property:onComplete	extension-opaque-alias	coding/extension/context_actions.go#CompactOptions.OnComplete	extension.CompactionResult is an opaque `any` alias (coding/extension/opaque_types.go:11-16): extension payloads cross the dynamic JSON boundary of the Extension Host, and a typed alias would change the public extension API and risk the byte round trip of context/message results. Placement pending owner decision (questions/gap-ledger-followups.md)
pkg:coding-agent/.#ContextEvent	pkg:coding-agent/.#ContextEvent::property:messages	extension-opaque-alias	coding/extension/events.go#ContextEvent.Messages	extension.AgentMessage is an opaque `any` alias (coding/extension/opaque_types.go:11-16): extension payloads cross the dynamic JSON boundary of the Extension Host, and a typed alias would change the public extension API and risk the byte round trip of context/message results. Placement pending owner decision (questions/gap-ledger-followups.md)
pkg:coding-agent/.#ContextEventResult	pkg:coding-agent/.#ContextEventResult::property:messages	extension-opaque-alias	coding/extension/events.go#ContextEventResult.Messages	extension.AgentMessage is an opaque `any` alias (coding/extension/opaque_types.go:11-16): extension payloads cross the dynamic JSON boundary of the Extension Host, and a typed alias would change the public extension API and risk the byte round trip of context/message results. Placement pending owner decision (questions/gap-ledger-followups.md)
pkg:coding-agent/.#ContextWithSystemEvent	pkg:coding-agent/.#ContextWithSystemEvent::property:messages	extension-opaque-alias	coding/extension/events.go#ContextWithSystemEvent.Messages	extension.AgentMessage is an opaque `any` alias (coding/extension/opaque_types.go:11-16): extension payloads cross the dynamic JSON boundary of the Extension Host, and a typed alias would change the public extension API and risk the byte round trip of context/message results. Placement pending owner decision (questions/gap-ledger-followups.md)
pkg:coding-agent/.#ExecuteToolOptions	pkg:coding-agent/.#ExecuteToolOptions::property:onUpdate	extension-opaque-alias	coding/extension/tool_context.go#ExecuteToolOptions.OnUpdate	extension.AgentToolUpdateCallback is an opaque `any` alias (coding/extension/opaque_types.go:11-16): extension payloads cross the dynamic JSON boundary of the Extension Host, and a typed alias would change the public extension API and risk the byte round trip of context/message results. Placement pending owner decision (questions/gap-ledger-followups.md)
pkg:coding-agent/.#ExtensionAPI	pkg:coding-agent/.#ExtensionAPI::property:setModel::call:0	extension-opaque-alias	coding/extension/api.go#API.SetModel	extension.Model is an opaque `any` alias (coding/extension/opaque_types.go:11-16): extension payloads cross the dynamic JSON boundary of the Extension Host, and a typed alias would change the public extension API and risk the byte round trip of context/message results. Placement pending owner decision (questions/gap-ledger-followups.md)
pkg:coding-agent/.#ExtensionActions	pkg:coding-agent/.#ExtensionActions::property:setModel::call:0	extension-opaque-alias	coding/extension/host_actions.go#ExtensionActions.SetModel	extension.Model is an opaque `any` alias (coding/extension/opaque_types.go:11-16): extension payloads cross the dynamic JSON boundary of the Extension Host, and a typed alias would change the public extension API and risk the byte round trip of context/message results. Placement pending owner decision (questions/gap-ledger-followups.md)
pkg:coding-agent/.#ExtensionCommandContext	pkg:coding-agent/.#ExtensionCommandContext::property:model	extension-opaque-alias	coding/extension/context.go#Context.Model	extension.Model is an opaque `any` alias (coding/extension/opaque_types.go:11-16): extension payloads cross the dynamic JSON boundary of the Extension Host, and a typed alias would change the public extension API and risk the byte round trip of context/message results. Placement pending owner decision (questions/gap-ledger-followups.md)
pkg:coding-agent/.#ExtensionCommandContext	pkg:coding-agent/.#ExtensionCommandContext::property:modelRegistry	extension-opaque-alias	coding/extension/context.go#Context.ModelRegistry	extension.ModelRegistry is an opaque `any` alias (coding/extension/opaque_types.go:11-16): extension payloads cross the dynamic JSON boundary of the Extension Host, and a typed alias would change the public extension API and risk the byte round trip of context/message results. Placement pending owner decision (questions/gap-ledger-followups.md)
pkg:coding-agent/.#ExtensionCommandContext	pkg:coding-agent/.#ExtensionCommandContext::property:newSession::call:0	extension-opaque-alias	coding/extension/context.go#CommandContext.NewSession	extension.SessionManager is an opaque `any` alias (coding/extension/opaque_types.go:11-16): extension payloads cross the dynamic JSON boundary of the Extension Host, and a typed alias would change the public extension API and risk the byte round trip of context/message results. Placement pending owner decision (questions/gap-ledger-followups.md)
pkg:coding-agent/.#ExtensionCommandContext	pkg:coding-agent/.#ExtensionCommandContext::property:sessionManager	extension-opaque-alias	coding/extension/context.go#Context.SessionManager	extension.SessionManager is an opaque `any` alias (coding/extension/opaque_types.go:11-16): extension payloads cross the dynamic JSON boundary of the Extension Host, and a typed alias would change the public extension API and risk the byte round trip of context/message results. Placement pending owner decision (questions/gap-ledger-followups.md)
pkg:coding-agent/.#ExtensionCommandContextActions	pkg:coding-agent/.#ExtensionCommandContextActions::property:newSession::call:0	extension-opaque-alias	coding/extension/context_actions.go#CommandActions.NewSession	extension.SessionManager is an opaque `any` alias (coding/extension/opaque_types.go:11-16): extension payloads cross the dynamic JSON boundary of the Extension Host, and a typed alias would change the public extension API and risk the byte round trip of context/message results. Placement pending owner decision (questions/gap-ledger-followups.md)
pkg:coding-agent/.#ExtensionContext	pkg:coding-agent/.#ExtensionContext::property:model	extension-opaque-alias	coding/extension/context.go#Context.Model	extension.Model is an opaque `any` alias (coding/extension/opaque_types.go:11-16): extension payloads cross the dynamic JSON boundary of the Extension Host, and a typed alias would change the public extension API and risk the byte round trip of context/message results. Placement pending owner decision (questions/gap-ledger-followups.md)
pkg:coding-agent/.#ExtensionContext	pkg:coding-agent/.#ExtensionContext::property:modelRegistry	extension-opaque-alias	coding/extension/context.go#Context.ModelRegistry	extension.ModelRegistry is an opaque `any` alias (coding/extension/opaque_types.go:11-16): extension payloads cross the dynamic JSON boundary of the Extension Host, and a typed alias would change the public extension API and risk the byte round trip of context/message results. Placement pending owner decision (questions/gap-ledger-followups.md)
pkg:coding-agent/.#ExtensionContext	pkg:coding-agent/.#ExtensionContext::property:sessionManager	extension-opaque-alias	coding/extension/context.go#Context.SessionManager	extension.SessionManager is an opaque `any` alias (coding/extension/opaque_types.go:11-16): extension payloads cross the dynamic JSON boundary of the Extension Host, and a typed alias would change the public extension API and risk the byte round trip of context/message results. Placement pending owner decision (questions/gap-ledger-followups.md)
pkg:coding-agent/.#ExtensionRunner	pkg:coding-agent/.#ExtensionRunner::property:emitContext::call:0	extension-opaque-alias	coding/extension/host/inproc/runner.go#Runner.EmitContext	extension.AgentMessage is an opaque `any` alias (coding/extension/opaque_types.go:11-16): extension payloads cross the dynamic JSON boundary of the Extension Host, and a typed alias would change the public extension API and risk the byte round trip of context/message results. Placement pending owner decision (questions/gap-ledger-followups.md)
pkg:coding-agent/.#ExtensionRunner	pkg:coding-agent/.#ExtensionRunner::property:emitInput::call:0	extension-opaque-alias	coding/extension/host/inproc/runner.go#Runner.EmitInput	extension.ImageContent is an opaque `any` alias (coding/extension/opaque_types.go:11-16): extension payloads cross the dynamic JSON boundary of the Extension Host, and a typed alias would change the public extension API and risk the byte round trip of context/message results. Placement pending owner decision (questions/gap-ledger-followups.md)
pkg:coding-agent/.#ExtensionRunner	pkg:coding-agent/.#ExtensionRunner::property:emitMessageEnd::call:0	extension-opaque-alias	coding/extension/host/inproc/runner.go#Runner.EmitMessageEnd	extension.AgentMessage is an opaque `any` alias (coding/extension/opaque_types.go:11-16): extension payloads cross the dynamic JSON boundary of the Extension Host, and a typed alias would change the public extension API and risk the byte round trip of context/message results. Placement pending owner decision (questions/gap-ledger-followups.md)
pkg:coding-agent/.#ExtensionRunner	pkg:coding-agent/.#ExtensionRunner::property:getModelRegistry::call:0	extension-opaque-alias	coding/extension/host/inproc/runner_accessors.go#Runner.GetModelRegistry	extension.ModelRegistry is an opaque `any` alias (coding/extension/opaque_types.go:11-16): extension payloads cross the dynamic JSON boundary of the Extension Host, and a typed alias would change the public extension API and risk the byte round trip of context/message results. Placement pending owner decision (questions/gap-ledger-followups.md)
pkg:coding-agent/.#ExtensionRuntime	pkg:coding-agent/.#ExtensionRuntime::property:setModel::call:0	extension-opaque-alias	coding/extension/host_actions.go#ExtensionActions.SetModel	extension.Model is an opaque `any` alias (coding/extension/opaque_types.go:11-16): extension payloads cross the dynamic JSON boundary of the Extension Host, and a typed alias would change the public extension API and risk the byte round trip of context/message results. Placement pending owner decision (questions/gap-ledger-followups.md)
pkg:coding-agent/.#ExtensionToolContext	pkg:coding-agent/.#ExtensionToolContext::property:model	extension-opaque-alias	coding/extension/context.go#Context.Model	extension.Model is an opaque `any` alias (coding/extension/opaque_types.go:11-16): extension payloads cross the dynamic JSON boundary of the Extension Host, and a typed alias would change the public extension API and risk the byte round trip of context/message results. Placement pending owner decision (questions/gap-ledger-followups.md)
pkg:coding-agent/.#ExtensionToolContext	pkg:coding-agent/.#ExtensionToolContext::property:modelRegistry	extension-opaque-alias	coding/extension/context.go#Context.ModelRegistry	extension.ModelRegistry is an opaque `any` alias (coding/extension/opaque_types.go:11-16): extension payloads cross the dynamic JSON boundary of the Extension Host, and a typed alias would change the public extension API and risk the byte round trip of context/message results. Placement pending owner decision (questions/gap-ledger-followups.md)
pkg:coding-agent/.#ExtensionToolContext	pkg:coding-agent/.#ExtensionToolContext::property:sessionManager	extension-opaque-alias	coding/extension/context.go#Context.SessionManager	extension.SessionManager is an opaque `any` alias (coding/extension/opaque_types.go:11-16): extension payloads cross the dynamic JSON boundary of the Extension Host, and a typed alias would change the public extension API and risk the byte round trip of context/message results. Placement pending owner decision (questions/gap-ledger-followups.md)
pkg:coding-agent/.#InputEvent	pkg:coding-agent/.#InputEvent::property:images	extension-opaque-alias	coding/extension/events.go#InputEvent.Images	extension.ImageContent is an opaque `any` alias (coding/extension/opaque_types.go:11-16): extension payloads cross the dynamic JSON boundary of the Extension Host, and a typed alias would change the public extension API and risk the byte round trip of context/message results. Placement pending owner decision (questions/gap-ledger-followups.md)
pkg:coding-agent/.#MessageEndEvent	pkg:coding-agent/.#MessageEndEvent::property:message	extension-opaque-alias	coding/extension/events.go#MessageEndEvent.Message	extension.AgentMessage is an opaque `any` alias (coding/extension/opaque_types.go:11-16): extension payloads cross the dynamic JSON boundary of the Extension Host, and a typed alias would change the public extension API and risk the byte round trip of context/message results. Placement pending owner decision (questions/gap-ledger-followups.md)
pkg:coding-agent/.#MessageEndEventResult	pkg:coding-agent/.#MessageEndEventResult::property:message	extension-opaque-alias	coding/extension/events.go#MessageEndEventResult.Message	extension.AgentMessage is an opaque `any` alias (coding/extension/opaque_types.go:11-16): extension payloads cross the dynamic JSON boundary of the Extension Host, and a typed alias would change the public extension API and risk the byte round trip of context/message results. Placement pending owner decision (questions/gap-ledger-followups.md)
pkg:coding-agent/.#MessageStartEvent	pkg:coding-agent/.#MessageStartEvent::property:message	extension-opaque-alias	coding/extension/events.go#MessageStartEvent.Message	extension.AgentMessage is an opaque `any` alias (coding/extension/opaque_types.go:11-16): extension payloads cross the dynamic JSON boundary of the Extension Host, and a typed alias would change the public extension API and risk the byte round trip of context/message results. Placement pending owner decision (questions/gap-ledger-followups.md)
pkg:coding-agent/.#MessageUpdateEvent	pkg:coding-agent/.#MessageUpdateEvent::property:message	extension-opaque-alias	coding/extension/events.go#MessageUpdateEvent.Message	extension.AgentMessage is an opaque `any` alias (coding/extension/opaque_types.go:11-16): extension payloads cross the dynamic JSON boundary of the Extension Host, and a typed alias would change the public extension API and risk the byte round trip of context/message results. Placement pending owner decision (questions/gap-ledger-followups.md)
pkg:coding-agent/.#ModelSelectEvent	pkg:coding-agent/.#ModelSelectEvent::property:model	extension-opaque-alias	coding/extension/events.go#ModelSelectEvent.Model	extension.Model is an opaque `any` alias (coding/extension/opaque_types.go:11-16): extension payloads cross the dynamic JSON boundary of the Extension Host, and a typed alias would change the public extension API and risk the byte round trip of context/message results. Placement pending owner decision (questions/gap-ledger-followups.md)
pkg:coding-agent/.#ModelSelectEvent	pkg:coding-agent/.#ModelSelectEvent::property:previousModel	extension-opaque-alias	coding/extension/events.go#ModelSelectEvent.PreviousModel	extension.Model is an opaque `any` alias (coding/extension/opaque_types.go:11-16): extension payloads cross the dynamic JSON boundary of the Extension Host, and a typed alias would change the public extension API and risk the byte round trip of context/message results. Placement pending owner decision (questions/gap-ledger-followups.md)
pkg:coding-agent/.#ProviderConfig	pkg:coding-agent/.#ProviderConfig::property:oauth	extension-opaque-alias	coding/extension/provider.go#ProviderConfig.OAuth	extension.OAuthLoginCallbacks is an opaque `any` alias (coding/extension/opaque_types.go:11-16): extension payloads cross the dynamic JSON boundary of the Extension Host, and a typed alias would change the public extension API and risk the byte round trip of context/message results. Placement pending owner decision (questions/gap-ledger-followups.md)
pkg:coding-agent/.#SessionBeforeCompactEvent	pkg:coding-agent/.#SessionBeforeCompactEvent::property:branchEntries	extension-opaque-alias	coding/extension/events.go#SessionBeforeCompactEvent.BranchEntries	extension.SessionEntry is an opaque `any` alias (coding/extension/opaque_types.go:11-16): extension payloads cross the dynamic JSON boundary of the Extension Host, and a typed alias would change the public extension API and risk the byte round trip of context/message results. Placement pending owner decision (questions/gap-ledger-followups.md)
pkg:coding-agent/.#SessionBeforeCompactEvent	pkg:coding-agent/.#SessionBeforeCompactEvent::property:preparation	extension-opaque-alias	coding/extension/events.go#SessionBeforeCompactEvent.Preparation	extension.CompactionPreparation is an opaque `any` alias (coding/extension/opaque_types.go:11-16): extension payloads cross the dynamic JSON boundary of the Extension Host, and a typed alias would change the public extension API and risk the byte round trip of context/message results. Placement pending owner decision (questions/gap-ledger-followups.md)
pkg:coding-agent/.#SessionBeforeCompactResult	pkg:coding-agent/.#SessionBeforeCompactResult::property:compaction	extension-opaque-alias	coding/extension/events.go#SessionBeforeCompactResult.Compaction	extension.CompactionResult is an opaque `any` alias (coding/extension/opaque_types.go:11-16): extension payloads cross the dynamic JSON boundary of the Extension Host, and a typed alias would change the public extension API and risk the byte round trip of context/message results. Placement pending owner decision (questions/gap-ledger-followups.md)
pkg:coding-agent/.#SessionBeforeTreeEvent	pkg:coding-agent/.#SessionBeforeTreeEvent::property:preparation	extension-opaque-alias	coding/extension/events.go#SessionBeforeTreeEvent.Preparation	extension.TreePreparation is an opaque `any` alias (coding/extension/opaque_types.go:11-16): extension payloads cross the dynamic JSON boundary of the Extension Host, and a typed alias would change the public extension API and risk the byte round trip of context/message results. Placement pending owner decision (questions/gap-ledger-followups.md)
pkg:coding-agent/.#SessionCompactEvent	pkg:coding-agent/.#SessionCompactEvent::property:compactionEntry	extension-opaque-alias	coding/extension/events.go#SessionCompactEvent.CompactionEntry	extension.CompactionEntry is an opaque `any` alias (coding/extension/opaque_types.go:11-16): extension payloads cross the dynamic JSON boundary of the Extension Host, and a typed alias would change the public extension API and risk the byte round trip of context/message results. Placement pending owner decision (questions/gap-ledger-followups.md)
pkg:coding-agent/.#SessionTreeEvent	pkg:coding-agent/.#SessionTreeEvent::property:summaryEntry	extension-opaque-alias	coding/extension/events.go#SessionTreeEvent.SummaryEntry	extension.BranchSummaryEntry is an opaque `any` alias (coding/extension/opaque_types.go:11-16): extension payloads cross the dynamic JSON boundary of the Extension Host, and a typed alias would change the public extension API and risk the byte round trip of context/message results. Placement pending owner decision (questions/gap-ledger-followups.md)
pkg:coding-agent/.#ToolDefinition	pkg:coding-agent/.#ToolDefinition::property:execute::call:0	extension-opaque-alias	coding/extension/tool.go#ToolDefinition.Execute	extension.AgentToolUpdateCallback is an opaque `any` alias (coding/extension/opaque_types.go:11-16): extension payloads cross the dynamic JSON boundary of the Extension Host, and a typed alias would change the public extension API and risk the byte round trip of context/message results. Placement pending owner decision (questions/gap-ledger-followups.md)
pkg:coding-agent/.#ToolDefinition	pkg:coding-agent/.#ToolDefinition::property:renderCall	extension-opaque-alias	coding/extension/tool.go#ToolDefinition.RenderCall	extension.Component is an opaque `any` alias (coding/extension/opaque_types.go:11-16): extension payloads cross the dynamic JSON boundary of the Extension Host, and a typed alias would change the public extension API and risk the byte round trip of context/message results. Placement pending owner decision (questions/gap-ledger-followups.md)
pkg:coding-agent/.#ToolDefinition	pkg:coding-agent/.#ToolDefinition::property:renderResult	extension-opaque-alias	coding/extension/tool.go#ToolDefinition.RenderResult	extension.Component is an opaque `any` alias (coding/extension/opaque_types.go:11-16): extension payloads cross the dynamic JSON boundary of the Extension Host, and a typed alias would change the public extension API and risk the byte round trip of context/message results. Placement pending owner decision (questions/gap-ledger-followups.md)
pkg:coding-agent/.#TurnEndEvent	pkg:coding-agent/.#TurnEndEvent::property:message	extension-opaque-alias	coding/extension/events.go#TurnEndEvent.Message	extension.AgentMessage is an opaque `any` alias (coding/extension/opaque_types.go:11-16): extension payloads cross the dynamic JSON boundary of the Extension Host, and a typed alias would change the public extension API and risk the byte round trip of context/message results. Placement pending owner decision (questions/gap-ledger-followups.md)
pkg:coding-agent/.#AgentSessionRuntime	pkg:coding-agent/.#AgentSessionRuntime::construct:0	constructor-shape	coding/runtime.go#NewRuntime	constructor-shape: Pi constructors take injected collaborators (tui, theme, keybindings, markdownTheme, cwd) and defaulted positional parameters; Go constructors read the ambient theme/keybindings/TUI the component is later attached to, and take defaulted parameters as option funcs or setters (LEAD-ANSWERS-ledger: SettingsListTheme is an optional argument). Every behaviour the Pi parameter selects is reachable (tests in tui/*_test.go and internal/codingagent/*_test.go cite the Pi constructor line)
pkg:coding-agent/.#AssistantMessageComponent	pkg:coding-agent/.#AssistantMessageComponent::construct:0	constructor-shape	tui/assistant_message_block.go#NewAssistantMessageComponent	constructor-shape: Pi constructors take injected collaborators (tui, theme, keybindings, markdownTheme, cwd) and defaulted positional parameters; Go constructors read the ambient theme/keybindings/TUI the component is later attached to, and take defaulted parameters as option funcs or setters (LEAD-ANSWERS-ledger: SettingsListTheme is an optional argument). Every behaviour the Pi parameter selects is reachable (tests in tui/*_test.go and internal/codingagent/*_test.go cite the Pi constructor line)
pkg:coding-agent/.#BashExecutionComponent	pkg:coding-agent/.#BashExecutionComponent::construct:0	constructor-shape	tui/bash_execution.go#NewBashExecutionComponent	constructor-shape: Pi constructors take injected collaborators (tui, theme, keybindings, markdownTheme, cwd) and defaulted positional parameters; Go constructors read the ambient theme/keybindings/TUI the component is later attached to, and take defaulted parameters as option funcs or setters (LEAD-ANSWERS-ledger: SettingsListTheme is an optional argument). Every behaviour the Pi parameter selects is reachable (tests in tui/*_test.go and internal/codingagent/*_test.go cite the Pi constructor line)
pkg:coding-agent/.#BorderedLoader	pkg:coding-agent/.#BorderedLoader::construct:0	constructor-shape	tui/bordered_loader.go#NewBorderedLoader	constructor-shape: Pi constructors take injected collaborators (tui, theme, keybindings, markdownTheme, cwd) and defaulted positional parameters; Go constructors read the ambient theme/keybindings/TUI the component is later attached to, and take defaulted parameters as option funcs or setters (LEAD-ANSWERS-ledger: SettingsListTheme is an optional argument). Every behaviour the Pi parameter selects is reachable (tests in tui/*_test.go and internal/codingagent/*_test.go cite the Pi constructor line)
pkg:coding-agent/.#DefaultPackageManager	pkg:coding-agent/.#DefaultPackageManager::construct:0	constructor-shape	internal/packagemanager/package_manager.go#NewPackageManager	constructor-shape: Pi constructors take injected collaborators (tui, theme, keybindings, markdownTheme, cwd) and defaulted positional parameters; Go constructors read the ambient theme/keybindings/TUI the component is later attached to, and take defaulted parameters as option funcs or setters (LEAD-ANSWERS-ledger: SettingsListTheme is an optional argument). Every behaviour the Pi parameter selects is reachable (tests in tui/*_test.go and internal/codingagent/*_test.go cite the Pi constructor line)
pkg:coding-agent/.#ExtensionEditorComponent	pkg:coding-agent/.#ExtensionEditorComponent::construct:0	constructor-shape	tui/extension_editor.go#NewExtensionEditorComponent	constructor-shape: Pi constructors take injected collaborators (tui, theme, keybindings, markdownTheme, cwd) and defaulted positional parameters; Go constructors read the ambient theme/keybindings/TUI the component is later attached to, and take defaulted parameters as option funcs or setters (LEAD-ANSWERS-ledger: SettingsListTheme is an optional argument). Every behaviour the Pi parameter selects is reachable (tests in tui/*_test.go and internal/codingagent/*_test.go cite the Pi constructor line)
pkg:coding-agent/.#ExtensionRunner	pkg:coding-agent/.#ExtensionRunner::construct:0	constructor-shape	coding/extension/host/inproc/runner.go#NewRunner	constructor-shape: Pi constructors take injected collaborators (tui, theme, keybindings, markdownTheme, cwd) and defaulted positional parameters; Go constructors read the ambient theme/keybindings/TUI the component is later attached to, and take defaulted parameters as option funcs or setters (LEAD-ANSWERS-ledger: SettingsListTheme is an optional argument). Every behaviour the Pi parameter selects is reachable (tests in tui/*_test.go and internal/codingagent/*_test.go cite the Pi constructor line)
pkg:coding-agent/.#ExtensionSelectorComponent	pkg:coding-agent/.#ExtensionSelectorComponent::construct:0	constructor-shape	tui/extension_selector.go#NewExtensionSelectorComponent	constructor-shape: Pi constructors take injected collaborators (tui, theme, keybindings, markdownTheme, cwd) and defaulted positional parameters; Go constructors read the ambient theme/keybindings/TUI the component is later attached to, and take defaulted parameters as option funcs or setters (LEAD-ANSWERS-ledger: SettingsListTheme is an optional argument). Every behaviour the Pi parameter selects is reachable (tests in tui/*_test.go and internal/codingagent/*_test.go cite the Pi constructor line)
pkg:coding-agent/.#FooterComponent	pkg:coding-agent/.#FooterComponent::construct:0	constructor-shape	internal/codingagent/status_line.go#NewFooterComponent	constructor-shape: Pi constructors take injected collaborators (tui, theme, keybindings, markdownTheme, cwd) and defaulted positional parameters; Go constructors read the ambient theme/keybindings/TUI the component is later attached to, and take defaulted parameters as option funcs or setters (LEAD-ANSWERS-ledger: SettingsListTheme is an optional argument). Every behaviour the Pi parameter selects is reachable (tests in tui/*_test.go and internal/codingagent/*_test.go cite the Pi constructor line)
pkg:coding-agent/.#InteractiveMode	pkg:coding-agent/.#InteractiveMode::construct:0	constructor-shape	internal/codingagent/interactive.go#NewInteractiveMode	constructor-shape: Pi constructors take injected collaborators (tui, theme, keybindings, markdownTheme, cwd) and defaulted positional parameters; Go constructors read the ambient theme/keybindings/TUI the component is later attached to, and take defaulted parameters as option funcs or setters (LEAD-ANSWERS-ledger: SettingsListTheme is an optional argument). Every behaviour the Pi parameter selects is reachable (tests in tui/*_test.go and internal/codingagent/*_test.go cite the Pi constructor line)
pkg:coding-agent/.#KeybindingsManager	pkg:coding-agent/.#KeybindingsManager::construct:0	constructor-shape	internal/codingagent/keybindings.go#NewKeybindingsManager	constructor-shape: Pi constructors take injected collaborators (tui, theme, keybindings, markdownTheme, cwd) and defaulted positional parameters; Go constructors read the ambient theme/keybindings/TUI the component is later attached to, and take defaulted parameters as option funcs or setters (LEAD-ANSWERS-ledger: SettingsListTheme is an optional argument). Every behaviour the Pi parameter selects is reachable (tests in tui/*_test.go and internal/codingagent/*_test.go cite the Pi constructor line)
pkg:coding-agent/.#LoginDialogComponent	pkg:coding-agent/.#LoginDialogComponent::construct:0	constructor-shape	tui/login_dialog.go#NewLoginDialogComponent	constructor-shape: Pi constructors take injected collaborators (tui, theme, keybindings, markdownTheme, cwd) and defaulted positional parameters; Go constructors read the ambient theme/keybindings/TUI the component is later attached to, and take defaulted parameters as option funcs or setters (LEAD-ANSWERS-ledger: SettingsListTheme is an optional argument). Every behaviour the Pi parameter selects is reachable (tests in tui/*_test.go and internal/codingagent/*_test.go cite the Pi constructor line)
pkg:coding-agent/.#ModelRegistry	pkg:coding-agent/.#ModelRegistry::construct:0	constructor-shape	internal/codingagent/model_registry.go#NewModelRegistry	constructor-shape: Pi constructors take injected collaborators (tui, theme, keybindings, markdownTheme, cwd) and defaulted positional parameters; Go constructors read the ambient theme/keybindings/TUI the component is later attached to, and take defaulted parameters as option funcs or setters (LEAD-ANSWERS-ledger: SettingsListTheme is an optional argument). Every behaviour the Pi parameter selects is reachable (tests in tui/*_test.go and internal/codingagent/*_test.go cite the Pi constructor line)
pkg:coding-agent/.#ModelSelectorComponent	pkg:coding-agent/.#ModelSelectorComponent::construct:0	constructor-shape	tui/model_select.go#NewModelSelectorComponent	constructor-shape: Pi constructors take injected collaborators (tui, theme, keybindings, markdownTheme, cwd) and defaulted positional parameters; Go constructors read the ambient theme/keybindings/TUI the component is later attached to, and take defaulted parameters as option funcs or setters (LEAD-ANSWERS-ledger: SettingsListTheme is an optional argument). Every behaviour the Pi parameter selects is reachable (tests in tui/*_test.go and internal/codingagent/*_test.go cite the Pi constructor line)
pkg:coding-agent/.#OAuthSelectorComponent	pkg:coding-agent/.#OAuthSelectorComponent::construct:0	constructor-shape	tui/oauth_selector.go#NewOAuthSelectorComponent	constructor-shape: Pi constructors take injected collaborators (tui, theme, keybindings, markdownTheme, cwd) and defaulted positional parameters; Go constructors read the ambient theme/keybindings/TUI the component is later attached to, and take defaulted parameters as option funcs or setters (LEAD-ANSWERS-ledger: SettingsListTheme is an optional argument). Every behaviour the Pi parameter selects is reachable (tests in tui/*_test.go and internal/codingagent/*_test.go cite the Pi constructor line)
pkg:coding-agent/.#SessionSelectorComponent	pkg:coding-agent/.#SessionSelectorComponent::construct:0	constructor-shape	internal/codingagent/session_selector_load.go#NewSessionSelectorComponent	constructor-shape: Pi constructors take injected collaborators (tui, theme, keybindings, markdownTheme, cwd) and defaulted positional parameters; Go constructors read the ambient theme/keybindings/TUI the component is later attached to, and take defaulted parameters as option funcs or setters (LEAD-ANSWERS-ledger: SettingsListTheme is an optional argument). Every behaviour the Pi parameter selects is reachable (tests in tui/*_test.go and internal/codingagent/*_test.go cite the Pi constructor line)
pkg:coding-agent/.#SkillInvocationMessageComponent	pkg:coding-agent/.#SkillInvocationMessageComponent::construct:0	constructor-shape	tui/skill_invocation.go#NewSkillInvocationMessageComponent	constructor-shape: Pi constructors take injected collaborators (tui, theme, keybindings, markdownTheme, cwd) and defaulted positional parameters; Go constructors read the ambient theme/keybindings/TUI the component is later attached to, and take defaulted parameters as option funcs or setters (LEAD-ANSWERS-ledger: SettingsListTheme is an optional argument). Every behaviour the Pi parameter selects is reachable (tests in tui/*_test.go and internal/codingagent/*_test.go cite the Pi constructor line)
pkg:coding-agent/.#ToolExecutionComponent	pkg:coding-agent/.#ToolExecutionComponent::construct:0	constructor-shape	tui/tool_execution.go#NewToolExecutionComponent	constructor-shape: Pi constructors take injected collaborators (tui, theme, keybindings, markdownTheme, cwd) and defaulted positional parameters; Go constructors read the ambient theme/keybindings/TUI the component is later attached to, and take defaulted parameters as option funcs or setters (LEAD-ANSWERS-ledger: SettingsListTheme is an optional argument). Every behaviour the Pi parameter selects is reachable (tests in tui/*_test.go and internal/codingagent/*_test.go cite the Pi constructor line)
pkg:coding-agent/.#TreeSelectorComponent	pkg:coding-agent/.#TreeSelectorComponent::construct:0	constructor-shape	tui/tree_select.go#NewTreeSelectorComponent	constructor-shape: Pi constructors take injected collaborators (tui, theme, keybindings, markdownTheme, cwd) and defaulted positional parameters; Go constructors read the ambient theme/keybindings/TUI the component is later attached to, and take defaulted parameters as option funcs or setters (LEAD-ANSWERS-ledger: SettingsListTheme is an optional argument). Every behaviour the Pi parameter selects is reachable (tests in tui/*_test.go and internal/codingagent/*_test.go cite the Pi constructor line)
pkg:coding-agent/.#UserMessageComponent	pkg:coding-agent/.#UserMessageComponent::construct:0	constructor-shape	tui/user_message_block.go#NewUserMessageComponent	constructor-shape: Pi constructors take injected collaborators (tui, theme, keybindings, markdownTheme, cwd) and defaulted positional parameters; Go constructors read the ambient theme/keybindings/TUI the component is later attached to, and take defaulted parameters as option funcs or setters (LEAD-ANSWERS-ledger: SettingsListTheme is an optional argument). Every behaviour the Pi parameter selects is reachable (tests in tui/*_test.go and internal/codingagent/*_test.go cite the Pi constructor line)
pkg:coding-agent/.#UserMessageSelectorComponent	pkg:coding-agent/.#UserMessageSelectorComponent::construct:0	constructor-shape	tui/user_message_selector.go#NewUserMessageSelectorComponent	constructor-shape: Pi constructors take injected collaborators (tui, theme, keybindings, markdownTheme, cwd) and defaulted positional parameters; Go constructors read the ambient theme/keybindings/TUI the component is later attached to, and take defaulted parameters as option funcs or setters (LEAD-ANSWERS-ledger: SettingsListTheme is an optional argument). Every behaviour the Pi parameter selects is reachable (tests in tui/*_test.go and internal/codingagent/*_test.go cite the Pi constructor line)
getDocsPath	pkg:coding-agent/.#getDocsPath	placement		placement: PiG documents live under the PiG home, not an npm package dir; internal/codingagent/prompts/coding.go:170 defaultPigDocsPath builds the three paths printed in the system prompt (Pi config.ts:444-456, system-prompt.ts)
getExamplesPath	pkg:coding-agent/.#getExamplesPath	placement		placement: see getDocsPath (examples under that root, prompts/coding.go:163)
getReadmePath	pkg:coding-agent/.#getReadmePath	placement		placement: see getDocsPath (README.md under that root, prompts/coding.go:161)
keyText	pkg:coding-agent/.#keyText	placement		rename: Pi keybinding-hints.ts keyText(action) is KeybindingsManager.KeyText (internal/codingagent/keybindings.go:475) and tui.FormatKeyText
