id	reason	class	go_symbol	request
pkg:server/.#MaybePromise	no-go-symbol	type-level		T | Promise<T> is T (blocking call) in Go
pkg:server/.#RoutedServerPresentation	child-gap	child-gap	internal/experimental/routing/types.go#RoutedServerPresentation	closes with its children
pkg:server/.#RoutedServerPresentation::property:attachSession	not-exercised	P1(b)	internal/experimental/services/server.go#RoutedServerPresentation.AttachSession	library export of packages/server; internal/experimental/routing tests ported from packages/server/test/{conformance,listener,protocol,server,unix,unix-connection}.test.ts (test-mapping-v1.0.4.json, all ported, mutation-checked)
pkg:server/.#RoutedServerPresentation::property:attachSession::call:0	signature-mismatch	R2 Context parameter	internal/experimental/services/server.go#RoutedServerPresentation.AttachSession	upstream `context: Context` (chord) is the leading context.Context; Go takes it as the first parameter
pkg:server/.#RoutedServerPresentation::property:detachSession	not-exercised	P1(b)	internal/experimental/services/server.go#RoutedServerPresentation.DetachSession	library export of packages/server; internal/experimental/routing tests ported from packages/server/test/{conformance,listener,protocol,server,unix,unix-connection}.test.ts (test-mapping-v1.0.4.json, all ported, mutation-checked)
pkg:server/.#RoutedServerPresentation::property:detachSession::call:0	signature-mismatch	R2 Context parameter	internal/experimental/services/server.go#RoutedServerPresentation.DetachSession	upstream `context: Context` (chord) is the leading context.Context; Go takes it as the first parameter
pkg:server/.#RoutedServerPresentation::property:prepareSessionRemoval	not-exercised	P1(b)	internal/experimental/services/server.go#RoutedServerPresentation.PrepareSessionRemoval	library export of packages/server; internal/experimental/routing tests ported from packages/server/test/{conformance,listener,protocol,server,unix,unix-connection}.test.ts (test-mapping-v1.0.4.json, all ported, mutation-checked)
pkg:server/.#RoutedServerPresentation::property:prepareSessionRemoval::call:0	signature-mismatch	R2 Context parameter	internal/experimental/services/server.go#RoutedServerPresentation.PrepareSessionRemoval	upstream `context: Context` (chord) is the leading context.Context; Go takes it as the first parameter
pkg:server/.#RoutedServerServiceAttachment	child-gap	child-gap	internal/experimental/routing/types.go#RoutedServerServiceAttachment	closes with its children
pkg:server/.#RoutedServerServiceAttachment::property:invokeService	not-exercised	P1(b)	internal/experimental/routing/types.go#RoutedServerServiceAttachment.InvokeService	library export of packages/server; internal/experimental/routing tests ported from packages/server/test/{conformance,listener,protocol,server,unix,unix-connection}.test.ts (test-mapping-v1.0.4.json, all ported, mutation-checked)
pkg:server/.#RoutedServerServiceAttachment::property:invokeService::call:0	signature-mismatch	R2 Context parameter	internal/experimental/routing/types.go#RoutedServerServiceAttachment.InvokeService	upstream `context: Context` (chord) is the leading context.Context; Go takes it as the first parameter
pkg:server/.#RoutedServerServiceAttachment::property:release	not-exercised	P1(b)	internal/experimental/routing/types.go#RoutedServerServiceAttachment.Release	library export of packages/server; internal/experimental/routing tests ported from packages/server/test/{conformance,listener,protocol,server,unix,unix-connection}.test.ts (test-mapping-v1.0.4.json, all ported, mutation-checked)
pkg:server/.#RoutedServerServiceAttachment::property:release::call:0	signature-mismatch	R2 Context parameter	internal/experimental/routing/types.go#RoutedServerServiceAttachment.Release	upstream `context: Context` (chord) is the leading context.Context; Go takes it as the first parameter
pkg:server/.#RoutedServerServiceHost	child-gap	child-gap	internal/experimental/routing/types.go#RoutedServerServiceHost	closes with its children
pkg:server/.#RoutedServerServiceHost::property:attachClient	not-exercised	P1(b)	internal/experimental/routing/types.go#RoutedServerServiceHost.AttachClient	library export of packages/server; internal/experimental/routing tests ported from packages/server/test/{conformance,listener,protocol,server,unix,unix-connection}.test.ts (test-mapping-v1.0.4.json, all ported, mutation-checked)
pkg:server/.#RoutedServerServiceHost::property:attachClient::call:0	signature-mismatch	R2 Context parameter	internal/experimental/routing/types.go#RoutedServerServiceHost.AttachClient	upstream `context: Context` (chord) is the leading context.Context; Go takes it as the first parameter
pkg:server/.#RoutedSessionAttachment	child-gap	child-gap	internal/experimental/routing/types.go#RoutedSessionAttachment	closes with its children
pkg:server/.#RoutedSessionAttachment::property:invokeService	not-exercised	P1(b)	internal/experimental/routing/types.go#RoutedServerServiceAttachment.InvokeService	library export of packages/server; internal/experimental/routing tests ported from packages/server/test/{conformance,listener,protocol,server,unix,unix-connection}.test.ts (test-mapping-v1.0.4.json, all ported, mutation-checked)
pkg:server/.#RoutedSessionAttachment::property:invokeService::call:0	signature-mismatch	R2 Context parameter	internal/experimental/routing/types.go#RoutedServerServiceAttachment.InvokeService	upstream `context: Context` (chord) is the leading context.Context; Go takes it as the first parameter
pkg:server/.#RoutedSessionAttachment::property:release	not-exercised	P1(b)	internal/experimental/routing/types.go#RoutedServerServiceAttachment.Release	library export of packages/server; internal/experimental/routing tests ported from packages/server/test/{conformance,listener,protocol,server,unix,unix-connection}.test.ts (test-mapping-v1.0.4.json, all ported, mutation-checked)
pkg:server/.#RoutedSessionAttachment::property:release::call:0	signature-mismatch	R2 Context parameter	internal/experimental/routing/types.go#RoutedServerServiceAttachment.Release	upstream `context: Context` (chord) is the leading context.Context; Go takes it as the first parameter
pkg:server/.#RoutedSessionHandle	child-gap	child-gap	internal/experimental/routing/types.go#RoutedSessionHandle	closes with its children
pkg:server/.#RoutedSessionHandle::property:attachClient	not-exercised	P1(b)	internal/experimental/routing/types.go#RoutedSessionHandle.AttachClient	library export of packages/server; internal/experimental/routing tests ported from packages/server/test/{conformance,listener,protocol,server,unix,unix-connection}.test.ts (test-mapping-v1.0.4.json, all ported, mutation-checked)
pkg:server/.#RoutedSessionHandle::property:attachClient::call:0	signature-mismatch	R2 Context parameter	internal/experimental/routing/types.go#RoutedSessionHandle.AttachClient	upstream `context: Context` (chord) is the leading context.Context; Go takes it as the first parameter
pkg:server/.#RoutedSessionHandle::property:close	not-exercised	P1(b)	internal/experimental/routing/types.go#RoutedSessionHandle.Close	library export of packages/server; internal/experimental/routing tests ported from packages/server/test/{conformance,listener,protocol,server,unix,unix-connection}.test.ts (test-mapping-v1.0.4.json, all ported, mutation-checked)
pkg:server/.#RoutedSessionHandle::property:close::call:0	signature-mismatch	R2 Context parameter	internal/experimental/routing/types.go#RoutedSessionHandle.Close	upstream `context: Context` (chord) is the leading context.Context; Go takes it as the first parameter
pkg:server/.#RoutedSessionHandle::property:terminated	not-exercised	P1(b)	internal/experimental/routing/types.go#RoutedSessionHandle.Terminated	library export of packages/server; internal/experimental/routing tests ported from packages/server/test/{conformance,listener,protocol,server,unix,unix-connection}.test.ts (test-mapping-v1.0.4.json, all ported, mutation-checked)
pkg:server/.#Server	child-gap	child-gap	internal/experimental/routing/server.go#Server	closes with its children
pkg:server/.#Server::property:accept	not-exercised	P1(b)	internal/experimental/routing/server.go#Server.Accept	library export of packages/server; internal/experimental/routing tests ported from packages/server/test/{conformance,listener,protocol,server,unix,unix-connection}.test.ts (test-mapping-v1.0.4.json, all ported, mutation-checked)
pkg:server/.#Server::property:accept::call:0	not-exercised	P1(b)	internal/experimental/routing/server.go#Server.Accept	library export of packages/server; internal/experimental/routing tests ported from packages/server/test/{conformance,listener,protocol,server,unix,unix-connection}.test.ts (test-mapping-v1.0.4.json, all ported, mutation-checked)
pkg:server/.#Server::property:closed	not-exercised	P1(b)	internal/experimental/routing/server.go#Server.Closed	library export of packages/server; internal/experimental/routing tests ported from packages/server/test/{conformance,listener,protocol,server,unix,unix-connection}.test.ts (test-mapping-v1.0.4.json, all ported, mutation-checked)
pkg:server/.#Server::property:serverId	not-exercised	P1(b)	internal/experimental/routing/server.go#Server.ServerId	library export of packages/server; internal/experimental/routing tests ported from packages/server/test/{conformance,listener,protocol,server,unix,unix-connection}.test.ts (test-mapping-v1.0.4.json, all ported, mutation-checked)
pkg:server/.#Server::property:start	not-exercised	P1(b)	internal/experimental/routing/server.go#Server.Start	library export of packages/server; internal/experimental/routing tests ported from packages/server/test/{conformance,listener,protocol,server,unix,unix-connection}.test.ts (test-mapping-v1.0.4.json, all ported, mutation-checked)
pkg:server/.#Server::property:start::call:0	signature-mismatch	fluent return	internal/experimental/routing/server.go#Server.Start	Pi start(): Promise<this> returns the receiver for chaining; Go Start(ctx?) returns only the error and the caller holds the server
pkg:server/.#ServerDrainingError	child-gap	child-gap	internal/experimental/routing/errors.go#ServerDrainingError	closes with its children
pkg:server/.#ServerDrainingError::property:cause	member-missing	error mechanics	internal/experimental/routing/errors.go#ServerDrainingError	cause and stack are inherited Error members
pkg:server/.#ServerDrainingError::property:code	not-exercised	P1(b)	internal/experimental/routing/errors.go#ServerError.Code	library export of packages/server; internal/experimental/routing tests ported from packages/server/test/{conformance,listener,protocol,server,unix,unix-connection}.test.ts (test-mapping-v1.0.4.json, all ported, mutation-checked)
pkg:server/.#ServerDrainingError::property:message	not-exercised	P1(b)	internal/experimental/routing/errors.go#ServerError.Message	library export of packages/server; internal/experimental/routing tests ported from packages/server/test/{conformance,listener,protocol,server,unix,unix-connection}.test.ts (test-mapping-v1.0.4.json, all ported, mutation-checked)
pkg:server/.#ServerDrainingError::property:stack	member-missing	error mechanics	internal/experimental/routing/errors.go#ServerDrainingError	cause and stack are inherited Error members
pkg:server/.#ServerError	child-gap	child-gap	internal/experimental/routing/errors.go#ServerError	closes with its children
pkg:server/.#ServerError::property:cause	member-missing	error mechanics	internal/experimental/routing/errors.go#ServerError	cause and stack are inherited Error members
pkg:server/.#ServerError::property:code	not-exercised	P1(b)	internal/experimental/routing/errors.go#ServerError.Code	library export of packages/server; internal/experimental/routing tests ported from packages/server/test/{conformance,listener,protocol,server,unix,unix-connection}.test.ts (test-mapping-v1.0.4.json, all ported, mutation-checked)
pkg:server/.#ServerError::property:message	not-exercised	P1(b)	internal/experimental/routing/errors.go#ServerError.Message	library export of packages/server; internal/experimental/routing tests ported from packages/server/test/{conformance,listener,protocol,server,unix,unix-connection}.test.ts (test-mapping-v1.0.4.json, all ported, mutation-checked)
pkg:server/.#ServerError::property:stack	member-missing	error mechanics	internal/experimental/routing/errors.go#ServerError	cause and stack are inherited Error members
pkg:server/.#ServerHost	child-gap	child-gap	internal/experimental/routing/types.go#ServerHost	closes with its children
pkg:server/.#ServerHost::property:openSession	not-exercised	P1(b)	internal/experimental/routing/types.go#ServerHost.OpenSession	library export of packages/server; internal/experimental/routing tests ported from packages/server/test/{conformance,listener,protocol,server,unix,unix-connection}.test.ts (test-mapping-v1.0.4.json, all ported, mutation-checked)
pkg:server/.#ServerHost::property:openSession::call:0	signature-mismatch	R2 Context parameter	internal/experimental/routing/types.go#ServerHost.OpenSession	upstream `context: Context` (chord) is the leading context.Context; Go takes it as the first parameter
pkg:server/.#ServerHost::property:resolveSession	not-exercised	P1(b)	internal/experimental/routing/types.go#ServerHost.ResolveSession	library export of packages/server; internal/experimental/routing tests ported from packages/server/test/{conformance,listener,protocol,server,unix,unix-connection}.test.ts (test-mapping-v1.0.4.json, all ported, mutation-checked)
pkg:server/.#ServerHost::property:resolveSession::call:0	signature-mismatch	R2 Context parameter	internal/experimental/routing/types.go#ServerHost.ResolveSession	upstream `context: Context` (chord) is the leading context.Context; Go takes it as the first parameter
pkg:server/.#ServerHost::property:serverServices	not-exercised	P1(b)	internal/experimental/routing/types.go#ServerHost.ServerServices	library export of packages/server; internal/experimental/routing tests ported from packages/server/test/{conformance,listener,protocol,server,unix,unix-connection}.test.ts (test-mapping-v1.0.4.json, all ported, mutation-checked)
pkg:server/.#ServerListener	child-gap	child-gap	internal/experimental/routing/types.go#ServerListener	closes with its children
pkg:server/.#ServerListener::property:close	not-exercised	P1(b)	internal/experimental/routing/types.go#ServerListener.Close	library export of packages/server; internal/experimental/routing tests ported from packages/server/test/{conformance,listener,protocol,server,unix,unix-connection}.test.ts (test-mapping-v1.0.4.json, all ported, mutation-checked)
pkg:server/.#ServerListener::property:close::call:0	not-exercised	P1(b)	internal/experimental/routing/types.go#ServerListener.Close	library export of packages/server; internal/experimental/routing tests ported from packages/server/test/{conformance,listener,protocol,server,unix,unix-connection}.test.ts (test-mapping-v1.0.4.json, all ported, mutation-checked)
pkg:server/.#ServerListener::property:start	not-exercised	P1(b)	internal/experimental/routing/types.go#ServerListener.Start	library export of packages/server; internal/experimental/routing tests ported from packages/server/test/{conformance,listener,protocol,server,unix,unix-connection}.test.ts (test-mapping-v1.0.4.json, all ported, mutation-checked)
pkg:server/.#ServerListener::property:start::call:0	not-exercised	P1(b)	internal/experimental/routing/types.go#ServerListener.Start	library export of packages/server; internal/experimental/routing tests ported from packages/server/test/{conformance,listener,protocol,server,unix,unix-connection}.test.ts (test-mapping-v1.0.4.json, all ported, mutation-checked)
pkg:server/.#ServerOptions	child-gap	child-gap	internal/experimental/routing/types.go#ServerOptions	closes with its children
pkg:server/.#ServerOptions::property:handshakeTimeoutMs	not-exercised	P1(b)	internal/experimental/routing/types.go#ServerOptions.HandshakeTimeoutMs	library export of packages/server; internal/experimental/routing tests ported from packages/server/test/{conformance,listener,protocol,server,unix,unix-connection}.test.ts (test-mapping-v1.0.4.json, all ported, mutation-checked)
pkg:server/.#ServerOptions::property:listeners	not-exercised	P1(b)	internal/experimental/routing/types.go#ServerOptions.Listeners	library export of packages/server; internal/experimental/routing tests ported from packages/server/test/{conformance,listener,protocol,server,unix,unix-connection}.test.ts (test-mapping-v1.0.4.json, all ported, mutation-checked)
pkg:server/.#ServerOptions::property:maxFrameLength	not-exercised	P1(b)	internal/experimental/routing/types.go#ServerOptions.MaxFrameLength	library export of packages/server; internal/experimental/routing tests ported from packages/server/test/{conformance,listener,protocol,server,unix,unix-connection}.test.ts (test-mapping-v1.0.4.json, all ported, mutation-checked)
pkg:server/.#ServerOptions::property:onConnectionCountChanged	not-exercised	P1(b)	internal/experimental/routing/types.go#ServerOptions.OnConnectionCountChanged	library export of packages/server; internal/experimental/routing tests ported from packages/server/test/{conformance,listener,protocol,server,unix,unix-connection}.test.ts (test-mapping-v1.0.4.json, all ported, mutation-checked)
pkg:server/.#ServerOptions::property:onError	not-exercised	P1(b)	internal/experimental/routing/types.go#ServerOptions.OnError	library export of packages/server; internal/experimental/routing tests ported from packages/server/test/{conformance,listener,protocol,server,unix,unix-connection}.test.ts (test-mapping-v1.0.4.json, all ported, mutation-checked)
pkg:server/.#ServerOptions::property:serverId	not-exercised	P1(b)	internal/experimental/routing/types.go#ServerOptions.ServerId	library export of packages/server; internal/experimental/routing tests ported from packages/server/test/{conformance,listener,protocol,server,unix,unix-connection}.test.ts (test-mapping-v1.0.4.json, all ported, mutation-checked)
pkg:server/.#SessionAmbiguousError	child-gap	child-gap	internal/experimental/routing/errors.go#SessionAmbiguousError	closes with its children
pkg:server/.#SessionAmbiguousError::property:cause	member-missing	error mechanics	internal/experimental/routing/errors.go#SessionAmbiguousError	cause and stack are inherited Error members
pkg:server/.#SessionAmbiguousError::property:code	not-exercised	P1(b)	internal/experimental/routing/errors.go#ServerError.Code	library export of packages/server; internal/experimental/routing tests ported from packages/server/test/{conformance,listener,protocol,server,unix,unix-connection}.test.ts (test-mapping-v1.0.4.json, all ported, mutation-checked)
pkg:server/.#SessionAmbiguousError::property:message	not-exercised	P1(b)	internal/experimental/routing/errors.go#ServerError.Message	library export of packages/server; internal/experimental/routing tests ported from packages/server/test/{conformance,listener,protocol,server,unix,unix-connection}.test.ts (test-mapping-v1.0.4.json, all ported, mutation-checked)
pkg:server/.#SessionAmbiguousError::property:stack	member-missing	error mechanics	internal/experimental/routing/errors.go#SessionAmbiguousError	cause and stack are inherited Error members
pkg:server/.#SessionMetadata	child-gap	child-gap	internal/experimental/routing/types.go#SessionMetadata	closes with its children
pkg:server/.#SessionMetadata::property:id	member-missing	rename	internal/experimental/routing/types.go#SessionMetadata	`id` is the SessionMetadata.SessionID() accessor (BasicSessionMetadata.ID is the concrete field)
pkg:server/.#SessionNotAttachedError	child-gap	child-gap	internal/experimental/routing/errors.go#SessionNotAttachedError	closes with its children
pkg:server/.#SessionNotAttachedError::property:cause	member-missing	error mechanics	internal/experimental/routing/errors.go#SessionNotAttachedError	cause and stack are inherited Error members
pkg:server/.#SessionNotAttachedError::property:code	not-exercised	P1(b)	internal/experimental/routing/errors.go#ServerError.Code	library export of packages/server; internal/experimental/routing tests ported from packages/server/test/{conformance,listener,protocol,server,unix,unix-connection}.test.ts (test-mapping-v1.0.4.json, all ported, mutation-checked)
pkg:server/.#SessionNotAttachedError::property:message	not-exercised	P1(b)	internal/experimental/routing/errors.go#ServerError.Message	library export of packages/server; internal/experimental/routing tests ported from packages/server/test/{conformance,listener,protocol,server,unix,unix-connection}.test.ts (test-mapping-v1.0.4.json, all ported, mutation-checked)
pkg:server/.#SessionNotAttachedError::property:stack	member-missing	error mechanics	internal/experimental/routing/errors.go#SessionNotAttachedError	cause and stack are inherited Error members
pkg:server/.#SessionNotFoundError	child-gap	child-gap	internal/experimental/routing/errors.go#SessionNotFoundError	closes with its children
pkg:server/.#SessionNotFoundError::property:cause	member-missing	error mechanics	internal/experimental/routing/errors.go#SessionNotFoundError	cause and stack are inherited Error members
pkg:server/.#SessionNotFoundError::property:code	not-exercised	P1(b)	internal/experimental/routing/errors.go#ServerError.Code	library export of packages/server; internal/experimental/routing tests ported from packages/server/test/{conformance,listener,protocol,server,unix,unix-connection}.test.ts (test-mapping-v1.0.4.json, all ported, mutation-checked)
pkg:server/.#SessionNotFoundError::property:message	not-exercised	P1(b)	internal/experimental/routing/errors.go#ServerError.Message	library export of packages/server; internal/experimental/routing tests ported from packages/server/test/{conformance,listener,protocol,server,unix,unix-connection}.test.ts (test-mapping-v1.0.4.json, all ported, mutation-checked)
pkg:server/.#SessionNotFoundError::property:stack	member-missing	error mechanics	internal/experimental/routing/errors.go#SessionNotFoundError	cause and stack are inherited Error members
pkg:server/.#WrongServerError	child-gap	child-gap	internal/experimental/routing/errors.go#WrongServerError	closes with its children
pkg:server/.#WrongServerError::property:cause	member-missing	error mechanics	internal/experimental/routing/errors.go#WrongServerError	cause and stack are inherited Error members
pkg:server/.#WrongServerError::property:code	not-exercised	P1(b)	internal/experimental/routing/errors.go#ServerError.Code	library export of packages/server; internal/experimental/routing tests ported from packages/server/test/{conformance,listener,protocol,server,unix,unix-connection}.test.ts (test-mapping-v1.0.4.json, all ported, mutation-checked)
pkg:server/.#WrongServerError::property:message	not-exercised	P1(b)	internal/experimental/routing/errors.go#ServerError.Message	library export of packages/server; internal/experimental/routing tests ported from packages/server/test/{conformance,listener,protocol,server,unix,unix-connection}.test.ts (test-mapping-v1.0.4.json, all ported, mutation-checked)
pkg:server/.#WrongServerError::property:stack	member-missing	error mechanics	internal/experimental/routing/errors.go#WrongServerError	cause and stack are inherited Error members
pkg:server/testing#Deferred	child-gap	child-gap	internal/experimental/routing/routingtest/host.go#Deferred	closes with its children
pkg:server/testing#Deferred::property:promise	not-exercised	P1(b)	internal/experimental/routing/routingtest/host.go#Deferred.Promise	library export of packages/server; internal/experimental/routing tests ported from packages/server/test/{conformance,listener,protocol,server,unix,unix-connection}.test.ts (test-mapping-v1.0.4.json, all ported, mutation-checked)
pkg:server/testing#Deferred::property:resolve	not-exercised	P1(b)	internal/experimental/routing/routingtest/host.go#Deferred.Resolve	library export of packages/server; internal/experimental/routing tests ported from packages/server/test/{conformance,listener,protocol,server,unix,unix-connection}.test.ts (test-mapping-v1.0.4.json, all ported, mutation-checked)
pkg:server/testing#Deferred::property:resolve::call:0	not-exercised	P1(b)	internal/experimental/routing/routingtest/host.go#Deferred.Resolve	library export of packages/server; internal/experimental/routing tests ported from packages/server/test/{conformance,listener,protocol,server,unix,unix-connection}.test.ts (test-mapping-v1.0.4.json, all ported, mutation-checked)
pkg:server/testing#ProtocolTestClient	child-gap	child-gap	internal/experimental/routing/routingtest/client.go#ProtocolTestClient	closes with its children
pkg:server/testing#ProtocolTestClient::property:attach	not-exercised	P1(b)	internal/experimental/routing/routingtest/client.go#ProtocolTestClient.Attach	library export of packages/server; internal/experimental/routing tests ported from packages/server/test/{conformance,listener,protocol,server,unix,unix-connection}.test.ts (test-mapping-v1.0.4.json, all ported, mutation-checked)
pkg:server/testing#ProtocolTestClient::property:attach::call:0	not-exercised	P1(b)	internal/experimental/routing/routingtest/client.go#ProtocolTestClient.Attach	library export of packages/server; internal/experimental/routing tests ported from packages/server/test/{conformance,listener,protocol,server,unix,unix-connection}.test.ts (test-mapping-v1.0.4.json, all ported, mutation-checked)
pkg:server/testing#ProtocolTestClient::property:closed	not-exercised	P1(b)	internal/experimental/routing/routingtest/client.go#ProtocolTestClient.Closed	library export of packages/server; internal/experimental/routing tests ported from packages/server/test/{conformance,listener,protocol,server,unix,unix-connection}.test.ts (test-mapping-v1.0.4.json, all ported, mutation-checked)
pkg:server/testing#ProtocolTestClient::property:fail	not-exercised	P1(b)	internal/experimental/routing/routingtest/client.go#ProtocolTestClient.Fail	library export of packages/server; internal/experimental/routing tests ported from packages/server/test/{conformance,listener,protocol,server,unix,unix-connection}.test.ts (test-mapping-v1.0.4.json, all ported, mutation-checked)
pkg:server/testing#ProtocolTestClient::property:fail::call:0	not-exercised	P1(b)	internal/experimental/routing/routingtest/client.go#ProtocolTestClient.Fail	library export of packages/server; internal/experimental/routing tests ported from packages/server/test/{conformance,listener,protocol,server,unix,unix-connection}.test.ts (test-mapping-v1.0.4.json, all ported, mutation-checked)
pkg:server/testing#ProtocolTestClient::property:hello	not-exercised	P1(b)	internal/experimental/routing/routingtest/client.go#ProtocolTestClient.Hello	library export of packages/server; internal/experimental/routing tests ported from packages/server/test/{conformance,listener,protocol,server,unix,unix-connection}.test.ts (test-mapping-v1.0.4.json, all ported, mutation-checked)
pkg:server/testing#ProtocolTestClient::property:hello::call:0	not-exercised	P1(b)	internal/experimental/routing/routingtest/client.go#ProtocolTestClient.Hello	library export of packages/server; internal/experimental/routing tests ported from packages/server/test/{conformance,listener,protocol,server,unix,unix-connection}.test.ts (test-mapping-v1.0.4.json, all ported, mutation-checked)
pkg:server/testing#ProtocolTestClient::property:markClosed	not-exercised	P1(b)	internal/experimental/routing/routingtest/client.go#ProtocolTestClient.MarkClosed	library export of packages/server; internal/experimental/routing tests ported from packages/server/test/{conformance,listener,protocol,server,unix,unix-connection}.test.ts (test-mapping-v1.0.4.json, all ported, mutation-checked)
pkg:server/testing#ProtocolTestClient::property:markClosed::call:0	not-exercised	P1(b)	internal/experimental/routing/routingtest/client.go#ProtocolTestClient.MarkClosed	library export of packages/server; internal/experimental/routing tests ported from packages/server/test/{conformance,listener,protocol,server,unix,unix-connection}.test.ts (test-mapping-v1.0.4.json, all ported, mutation-checked)
pkg:server/testing#ProtocolTestClient::property:messages	not-exercised	P1(b)	internal/experimental/routing/routingtest/client.go#ProtocolTestClient.Messages	library export of packages/server; internal/experimental/routing tests ported from packages/server/test/{conformance,listener,protocol,server,unix,unix-connection}.test.ts (test-mapping-v1.0.4.json, all ported, mutation-checked)
pkg:server/testing#ProtocolTestClient::property:next	not-exercised	P1(b)	internal/experimental/routing/routingtest/client.go#ProtocolTestClient.Next	library export of packages/server; internal/experimental/routing tests ported from packages/server/test/{conformance,listener,protocol,server,unix,unix-connection}.test.ts (test-mapping-v1.0.4.json, all ported, mutation-checked)
pkg:server/testing#ProtocolTestClient::property:next::call:0	not-exercised	P1(b)	internal/experimental/routing/routingtest/client.go#ProtocolTestClient.Next	library export of packages/server; internal/experimental/routing tests ported from packages/server/test/{conformance,listener,protocol,server,unix,unix-connection}.test.ts (test-mapping-v1.0.4.json, all ported, mutation-checked)
pkg:server/testing#ProtocolTestClient::property:nextFrom	not-exercised	P1(b)	internal/experimental/routing/routingtest/client.go#ProtocolTestClient.NextFrom	library export of packages/server; internal/experimental/routing tests ported from packages/server/test/{conformance,listener,protocol,server,unix,unix-connection}.test.ts (test-mapping-v1.0.4.json, all ported, mutation-checked)
pkg:server/testing#ProtocolTestClient::property:nextFrom::call:0	not-exercised	P1(b)	internal/experimental/routing/routingtest/client.go#ProtocolTestClient.NextFrom	library export of packages/server; internal/experimental/routing tests ported from packages/server/test/{conformance,listener,protocol,server,unix,unix-connection}.test.ts (test-mapping-v1.0.4.json, all ported, mutation-checked)
pkg:server/testing#ProtocolTestClient::property:receive	not-exercised	P1(b)	internal/experimental/routing/routingtest/client.go#ProtocolTestClient.Receive	library export of packages/server; internal/experimental/routing tests ported from packages/server/test/{conformance,listener,protocol,server,unix,unix-connection}.test.ts (test-mapping-v1.0.4.json, all ported, mutation-checked)
pkg:server/testing#ProtocolTestClient::property:receive::call:0	not-exercised	P1(b)	internal/experimental/routing/routingtest/client.go#ProtocolTestClient.Receive	library export of packages/server; internal/experimental/routing tests ported from packages/server/test/{conformance,listener,protocol,server,unix,unix-connection}.test.ts (test-mapping-v1.0.4.json, all ported, mutation-checked)
pkg:server/testing#ProtocolTestClient::property:requestService	not-exercised	P1(b)	internal/experimental/routing/routingtest/client.go#ProtocolTestClient.RequestService	library export of packages/server; internal/experimental/routing tests ported from packages/server/test/{conformance,listener,protocol,server,unix,unix-connection}.test.ts (test-mapping-v1.0.4.json, all ported, mutation-checked)
pkg:server/testing#ProtocolTestClient::property:requestService::call:0	not-exercised	P1(b)	internal/experimental/routing/routingtest/client.go#ProtocolTestClient.RequestService	library export of packages/server; internal/experimental/routing tests ported from packages/server/test/{conformance,listener,protocol,server,unix,unix-connection}.test.ts (test-mapping-v1.0.4.json, all ported, mutation-checked)
pkg:server/testing#ProtocolTestClient::property:requestSessionService	not-exercised	P1(b)	internal/experimental/routing/routingtest/client.go#ProtocolTestClient.RequestSessionService	library export of packages/server; internal/experimental/routing tests ported from packages/server/test/{conformance,listener,protocol,server,unix,unix-connection}.test.ts (test-mapping-v1.0.4.json, all ported, mutation-checked)
pkg:server/testing#ProtocolTestClient::property:requestSessionService::call:0	not-exercised	P1(b)	internal/experimental/routing/routingtest/client.go#ProtocolTestClient.RequestSessionService	library export of packages/server; internal/experimental/routing tests ported from packages/server/test/{conformance,listener,protocol,server,unix,unix-connection}.test.ts (test-mapping-v1.0.4.json, all ported, mutation-checked)
pkg:server/testing#ProtocolTestClient::property:sendBytes	not-exercised	P1(b)	internal/experimental/routing/routingtest/client.go#ProtocolTestClient.SendBytes	library export of packages/server; internal/experimental/routing tests ported from packages/server/test/{conformance,listener,protocol,server,unix,unix-connection}.test.ts (test-mapping-v1.0.4.json, all ported, mutation-checked)
pkg:server/testing#ProtocolTestClient::property:sendBytes::call:0	not-exercised	P1(b)	internal/experimental/routing/routingtest/client.go#ProtocolTestClient.SendBytes	library export of packages/server; internal/experimental/routing tests ported from packages/server/test/{conformance,listener,protocol,server,unix,unix-connection}.test.ts (test-mapping-v1.0.4.json, all ported, mutation-checked)
pkg:server/testing#ProtocolTestClient::property:sendFragmentedMessage	not-exercised	P1(b)	internal/experimental/routing/routingtest/client.go#ProtocolTestClient.SendFragmentedMessage	library export of packages/server; internal/experimental/routing tests ported from packages/server/test/{conformance,listener,protocol,server,unix,unix-connection}.test.ts (test-mapping-v1.0.4.json, all ported, mutation-checked)
pkg:server/testing#ProtocolTestClient::property:sendFragmentedMessage::call:0	not-exercised	P1(b)	internal/experimental/routing/routingtest/client.go#ProtocolTestClient.SendFragmentedMessage	library export of packages/server; internal/experimental/routing tests ported from packages/server/test/{conformance,listener,protocol,server,unix,unix-connection}.test.ts (test-mapping-v1.0.4.json, all ported, mutation-checked)
pkg:server/testing#ProtocolTestClient::property:sendMessage	not-exercised	P1(b)	internal/experimental/routing/routingtest/client.go#ProtocolTestClient.SendMessage	library export of packages/server; internal/experimental/routing tests ported from packages/server/test/{conformance,listener,protocol,server,unix,unix-connection}.test.ts (test-mapping-v1.0.4.json, all ported, mutation-checked)
pkg:server/testing#ProtocolTestClient::property:sendMessage::call:0	not-exercised	P1(b)	internal/experimental/routing/routingtest/client.go#ProtocolTestClient.SendMessage	library export of packages/server; internal/experimental/routing tests ported from packages/server/test/{conformance,listener,protocol,server,unix,unix-connection}.test.ts (test-mapping-v1.0.4.json, all ported, mutation-checked)
pkg:server/testing#ProtocolTestClient::property:waitForClose	not-exercised	P1(b)	internal/experimental/routing/routingtest/client.go#ProtocolTestClient.WaitForClose	library export of packages/server; internal/experimental/routing tests ported from packages/server/test/{conformance,listener,protocol,server,unix,unix-connection}.test.ts (test-mapping-v1.0.4.json, all ported, mutation-checked)
pkg:server/testing#ProtocolTestClient::property:waitForClose::call:0	not-exercised	P1(b)	internal/experimental/routing/routingtest/client.go#ProtocolTestClient.WaitForClose	library export of packages/server; internal/experimental/routing tests ported from packages/server/test/{conformance,listener,protocol,server,unix,unix-connection}.test.ts (test-mapping-v1.0.4.json, all ported, mutation-checked)
pkg:server/testing#TestHarness	child-gap	child-gap	internal/experimental/routing/routingtest/host.go#TestHarness	closes with its children
pkg:server/testing#TestHarness::property:attachClient	not-exercised	P1(b)	internal/experimental/routing/routingtest/host.go#TestHarness.AttachClient	library export of packages/server; internal/experimental/routing tests ported from packages/server/test/{conformance,listener,protocol,server,unix,unix-connection}.test.ts (test-mapping-v1.0.4.json, all ported, mutation-checked)
pkg:server/testing#TestHarness::property:attachClient::call:0	signature-mismatch	R2 Context parameter	internal/experimental/routing/routingtest/host.go#TestHarness.AttachClient	upstream `context: Context` (chord) is the leading context.Context; Go takes it as the first parameter
pkg:server/testing#TestHarness::property:attachedClients	not-exercised	P1(b)	internal/experimental/routing/routingtest/host.go#TestHarness.AttachedClients	library export of packages/server; internal/experimental/routing tests ported from packages/server/test/{conformance,listener,protocol,server,unix,unix-connection}.test.ts (test-mapping-v1.0.4.json, all ported, mutation-checked)
pkg:server/testing#TestHarness::property:attachmentReleaseCount	not-exercised	P1(b)	internal/experimental/routing/routingtest/host.go#TestHarness.AttachmentReleaseCount	library export of packages/server; internal/experimental/routing tests ported from packages/server/test/{conformance,listener,protocol,server,unix,unix-connection}.test.ts (test-mapping-v1.0.4.json, all ported, mutation-checked)
pkg:server/testing#TestHarness::property:close	child-gap	child-gap	internal/experimental/routing/routingtest/host.go#TestHarness.Close	closes with its children
pkg:server/testing#TestHarness::property:close::call:0	signature-mismatch	R2 Context parameter	internal/experimental/routing/routingtest/host.go#TestHarness.Close	upstream `context: Context` (chord) is the leading context.Context; Go takes it as the first parameter
pkg:server/testing#TestHarness::property:closeCount	not-exercised	P1(b)	internal/experimental/routing/routingtest/host.go#TestHarness.CloseCount	library export of packages/server; internal/experimental/routing tests ported from packages/server/test/{conformance,listener,protocol,server,unix,unix-connection}.test.ts (test-mapping-v1.0.4.json, all ported, mutation-checked)
pkg:server/testing#TestHarness::property:closed	not-exercised	P1(b)	internal/experimental/routing/routingtest/host.go#TestHarness.Closed	library export of packages/server; internal/experimental/routing tests ported from packages/server/test/{conformance,listener,protocol,server,unix,unix-connection}.test.ts (test-mapping-v1.0.4.json, all ported, mutation-checked)
pkg:server/testing#TestHarness::property:failAttachmentRelease	not-exercised	P1(b)	internal/experimental/routing/routingtest/host.go#TestHarness.FailAttachmentRelease	library export of packages/server; internal/experimental/routing tests ported from packages/server/test/{conformance,listener,protocol,server,unix,unix-connection}.test.ts (test-mapping-v1.0.4.json, all ported, mutation-checked)
pkg:server/testing#TestHarness::property:failClose	not-exercised	P1(b)	internal/experimental/routing/routingtest/host.go#TestHarness.FailClose	library export of packages/server; internal/experimental/routing tests ported from packages/server/test/{conformance,listener,protocol,server,unix,unix-connection}.test.ts (test-mapping-v1.0.4.json, all ported, mutation-checked)
pkg:server/testing#TestHarness::property:gateNextClose	not-exercised	P1(b)	internal/experimental/routing/routingtest/host.go#TestHarness.GateNextClose	library export of packages/server; internal/experimental/routing tests ported from packages/server/test/{conformance,listener,protocol,server,unix,unix-connection}.test.ts (test-mapping-v1.0.4.json, all ported, mutation-checked)
pkg:server/testing#TestHarness::property:gateNextClose::call:0	not-exercised	P1(b)	internal/experimental/routing/routingtest/host.go#TestHarness.GateNextClose	library export of packages/server; internal/experimental/routing tests ported from packages/server/test/{conformance,listener,protocol,server,unix,unix-connection}.test.ts (test-mapping-v1.0.4.json, all ported, mutation-checked)
pkg:server/testing#TestHarness::property:gateNextServiceCall	not-exercised	P1(b)	internal/experimental/routing/routingtest/host.go#TestHarness.GateNextServiceCall	library export of packages/server; internal/experimental/routing tests ported from packages/server/test/{conformance,listener,protocol,server,unix,unix-connection}.test.ts (test-mapping-v1.0.4.json, all ported, mutation-checked)
pkg:server/testing#TestHarness::property:gateNextServiceCall::call:0	not-exercised	P1(b)	internal/experimental/routing/routingtest/host.go#TestHarness.GateNextServiceCall	library export of packages/server; internal/experimental/routing tests ported from packages/server/test/{conformance,listener,protocol,server,unix,unix-connection}.test.ts (test-mapping-v1.0.4.json, all ported, mutation-checked)
pkg:server/testing#TestHarness::property:invokeService	not-exercised	P1(b)	internal/experimental/routing/routingtest/host.go#TestHarness.InvokeService	library export of packages/server; internal/experimental/routing tests ported from packages/server/test/{conformance,listener,protocol,server,unix,unix-connection}.test.ts (test-mapping-v1.0.4.json, all ported, mutation-checked)
pkg:server/testing#TestHarness::property:invokeService::call:0	not-exercised	P1(b)	internal/experimental/routing/routingtest/host.go#TestHarness.InvokeService	library export of packages/server; internal/experimental/routing tests ported from packages/server/test/{conformance,listener,protocol,server,unix,unix-connection}.test.ts (test-mapping-v1.0.4.json, all ported, mutation-checked)
pkg:server/testing#TestHarness::property:metadata	not-exercised	P1(b)	internal/experimental/routing/routingtest/host.go#TestHarness.Metadata	library export of packages/server; internal/experimental/routing tests ported from packages/server/test/{conformance,listener,protocol,server,unix,unix-connection}.test.ts (test-mapping-v1.0.4.json, all ported, mutation-checked)
pkg:server/testing#TestHarness::property:nextServiceError	not-exercised	P1(b)	internal/experimental/routing/routingtest/host.go#TestHarness.NextServiceError	library export of packages/server; internal/experimental/routing tests ported from packages/server/test/{conformance,listener,protocol,server,unix,unix-connection}.test.ts (test-mapping-v1.0.4.json, all ported, mutation-checked)
pkg:server/testing#TestHarness::property:nextServiceResult	not-exercised	P1(b)	internal/experimental/routing/routingtest/host.go#TestHarness.NextServiceResult	library export of packages/server; internal/experimental/routing tests ported from packages/server/test/{conformance,listener,protocol,server,unix,unix-connection}.test.ts (test-mapping-v1.0.4.json, all ported, mutation-checked)
pkg:server/testing#TestHarness::property:serviceCalls	not-exercised	P1(b)	internal/experimental/routing/routingtest/host.go#TestHarness.ServiceCalls	library export of packages/server; internal/experimental/routing tests ported from packages/server/test/{conformance,listener,protocol,server,unix,unix-connection}.test.ts (test-mapping-v1.0.4.json, all ported, mutation-checked)
pkg:server/testing#TestHarness::property:terminate	not-exercised	P1(b)	internal/experimental/routing/routingtest/host.go#TestHarness.Terminate	library export of packages/server; internal/experimental/routing tests ported from packages/server/test/{conformance,listener,protocol,server,unix,unix-connection}.test.ts (test-mapping-v1.0.4.json, all ported, mutation-checked)
pkg:server/testing#TestHarness::property:terminate::call:0	not-exercised	P1(b)	internal/experimental/routing/routingtest/host.go#TestHarness.Terminate	library export of packages/server; internal/experimental/routing tests ported from packages/server/test/{conformance,listener,protocol,server,unix,unix-connection}.test.ts (test-mapping-v1.0.4.json, all ported, mutation-checked)
pkg:server/testing#TestHarness::property:terminated	not-exercised	P1(b)	internal/experimental/routing/routingtest/host.go#TestHarness.Terminated	library export of packages/server; internal/experimental/routing tests ported from packages/server/test/{conformance,listener,protocol,server,unix,unix-connection}.test.ts (test-mapping-v1.0.4.json, all ported, mutation-checked)
pkg:server/testing#TestServer	child-gap	child-gap	internal/experimental/routing/routingtest/server.go#TestServer	closes with its children
pkg:server/testing#TestServer::property:host	not-exercised	P1(b)	internal/experimental/routing/routingtest/server.go#TestServer.Host	library export of packages/server; internal/experimental/routing tests ported from packages/server/test/{conformance,listener,protocol,server,unix,unix-connection}.test.ts (test-mapping-v1.0.4.json, all ported, mutation-checked)
pkg:server/testing#TestServer::property:server	not-exercised	P1(b)	internal/experimental/routing/routingtest/server.go#TestServer.Server	library export of packages/server; internal/experimental/routing tests ported from packages/server/test/{conformance,listener,protocol,server,unix,unix-connection}.test.ts (test-mapping-v1.0.4.json, all ported, mutation-checked)
pkg:server/testing#TestServerHost	child-gap	child-gap	internal/experimental/routing/routingtest/host.go#TestServerHost	closes with its children
pkg:server/testing#TestServerHost::property:gateNextOpenSession	not-exercised	P1(b)	internal/experimental/routing/routingtest/host.go#TestServerHost.GateNextOpenSession	library export of packages/server; internal/experimental/routing tests ported from packages/server/test/{conformance,listener,protocol,server,unix,unix-connection}.test.ts (test-mapping-v1.0.4.json, all ported, mutation-checked)
pkg:server/testing#TestServerHost::property:gateNextOpenSession::call:0	not-exercised	P1(b)	internal/experimental/routing/routingtest/host.go#TestServerHost.GateNextOpenSession	library export of packages/server; internal/experimental/routing tests ported from packages/server/test/{conformance,listener,protocol,server,unix,unix-connection}.test.ts (test-mapping-v1.0.4.json, all ported, mutation-checked)
pkg:server/testing#TestServerHost::property:harnesses	not-exercised	P1(b)	internal/experimental/routing/routingtest/host.go#TestServerHost.Harnesses	library export of packages/server; internal/experimental/routing tests ported from packages/server/test/{conformance,listener,protocol,server,unix,unix-connection}.test.ts (test-mapping-v1.0.4.json, all ported, mutation-checked)
pkg:server/testing#TestServerHost::property:latestHarness	not-exercised	P1(b)	internal/experimental/routing/routingtest/host.go#TestServerHost.LatestHarness	library export of packages/server; internal/experimental/routing tests ported from packages/server/test/{conformance,listener,protocol,server,unix,unix-connection}.test.ts (test-mapping-v1.0.4.json, all ported, mutation-checked)
pkg:server/testing#TestServerHost::property:latestHarness::call:0	not-exercised	P1(b)	internal/experimental/routing/routingtest/host.go#TestServerHost.LatestHarness	library export of packages/server; internal/experimental/routing tests ported from packages/server/test/{conformance,listener,protocol,server,unix,unix-connection}.test.ts (test-mapping-v1.0.4.json, all ported, mutation-checked)
pkg:server/testing#TestServerHost::property:nextHarnessCloseError	not-exercised	P1(b)	internal/experimental/routing/routingtest/host.go#TestServerHost.NextHarnessCloseError	library export of packages/server; internal/experimental/routing tests ported from packages/server/test/{conformance,listener,protocol,server,unix,unix-connection}.test.ts (test-mapping-v1.0.4.json, all ported, mutation-checked)
pkg:server/testing#TestServerHost::property:nextOpenSessionError	not-exercised	P1(b)	internal/experimental/routing/routingtest/host.go#TestServerHost.NextOpenSessionError	library export of packages/server; internal/experimental/routing tests ported from packages/server/test/{conformance,listener,protocol,server,unix,unix-connection}.test.ts (test-mapping-v1.0.4.json, all ported, mutation-checked)
pkg:server/testing#TestServerHost::property:openSession	not-exercised	P1(b)	internal/experimental/routing/routingtest/host.go#TestServerHost.OpenSession	library export of packages/server; internal/experimental/routing tests ported from packages/server/test/{conformance,listener,protocol,server,unix,unix-connection}.test.ts (test-mapping-v1.0.4.json, all ported, mutation-checked)
pkg:server/testing#TestServerHost::property:openSession::call:0	signature-mismatch	R2 Context parameter	internal/experimental/routing/routingtest/host.go#TestServerHost.OpenSession	upstream `context: Context` (chord) is the leading context.Context; Go takes it as the first parameter
pkg:server/testing#TestServerHost::property:openSessionCount	not-exercised	P1(b)	internal/experimental/routing/routingtest/host.go#TestServerHost.OpenSessionCount	library export of packages/server; internal/experimental/routing tests ported from packages/server/test/{conformance,listener,protocol,server,unix,unix-connection}.test.ts (test-mapping-v1.0.4.json, all ported, mutation-checked)
pkg:server/testing#TestServerHost::property:resolveSession	not-exercised	P1(b)	internal/experimental/routing/routingtest/host.go#TestServerHost.ResolveSession	library export of packages/server; internal/experimental/routing tests ported from packages/server/test/{conformance,listener,protocol,server,unix,unix-connection}.test.ts (test-mapping-v1.0.4.json, all ported, mutation-checked)
pkg:server/testing#TestServerHost::property:resolveSession::call:0	signature-mismatch	R2 Context parameter	internal/experimental/routing/routingtest/host.go#TestServerHost.ResolveSession	upstream `context: Context` (chord) is the leading context.Context; Go takes it as the first parameter
pkg:server/testing#TestServerHost::property:seed	not-exercised	P1(b)	internal/experimental/routing/routingtest/host.go#TestServerHost.Seed	library export of packages/server; internal/experimental/routing tests ported from packages/server/test/{conformance,listener,protocol,server,unix,unix-connection}.test.ts (test-mapping-v1.0.4.json, all ported, mutation-checked)
pkg:server/testing#TestServerHost::property:seed::call:0	not-exercised	P1(b)	internal/experimental/routing/routingtest/host.go#TestServerHost.Seed	library export of packages/server; internal/experimental/routing tests ported from packages/server/test/{conformance,listener,protocol,server,unix,unix-connection}.test.ts (test-mapping-v1.0.4.json, all ported, mutation-checked)
pkg:server/testing#TestServerHost::property:serverServices	not-exercised	P1(b)	internal/experimental/routing/routingtest/host.go#TestServerHost.ServerServices	library export of packages/server; internal/experimental/routing tests ported from packages/server/test/{conformance,listener,protocol,server,unix,unix-connection}.test.ts (test-mapping-v1.0.4.json, all ported, mutation-checked)
pkg:server/testing#TestServerHost::property:sessions	not-exercised	P1(b)	internal/experimental/routing/routingtest/host.go#TestServerHost.Sessions	library export of packages/server; internal/experimental/routing tests ported from packages/server/test/{conformance,listener,protocol,server,unix,unix-connection}.test.ts (test-mapping-v1.0.4.json, all ported, mutation-checked)
pkg:server/testing#TestServerOptions	child-gap	child-gap	internal/experimental/routing/routingtest/server.go#TestServerOptions	closes with its children
pkg:server/testing#TestServerOptions::property:handshakeTimeoutMs	not-exercised	P1(b)	internal/experimental/routing/routingtest/server.go#TestServerOptions.HandshakeTimeoutMs	library export of packages/server; internal/experimental/routing tests ported from packages/server/test/{conformance,listener,protocol,server,unix,unix-connection}.test.ts (test-mapping-v1.0.4.json, all ported, mutation-checked)
pkg:server/testing#TestServerOptions::property:host	not-exercised	P1(b)	internal/experimental/routing/routingtest/server.go#TestServerOptions.Host	library export of packages/server; internal/experimental/routing tests ported from packages/server/test/{conformance,listener,protocol,server,unix,unix-connection}.test.ts (test-mapping-v1.0.4.json, all ported, mutation-checked)
pkg:server/testing#TestServerOptions::property:listeners	not-exercised	P1(b)	internal/experimental/routing/routingtest/server.go#TestServerOptions.Listeners	library export of packages/server; internal/experimental/routing tests ported from packages/server/test/{conformance,listener,protocol,server,unix,unix-connection}.test.ts (test-mapping-v1.0.4.json, all ported, mutation-checked)
pkg:server/testing#TestServerOptions::property:maxFrameLength	not-exercised	P1(b)	internal/experimental/routing/routingtest/server.go#TestServerOptions.MaxFrameLength	library export of packages/server; internal/experimental/routing tests ported from packages/server/test/{conformance,listener,protocol,server,unix,unix-connection}.test.ts (test-mapping-v1.0.4.json, all ported, mutation-checked)
pkg:server/testing#TestServerOptions::property:onConnectionCountChanged	not-exercised	P1(b)	internal/experimental/routing/routingtest/server.go#TestServerOptions.OnConnectionCountChanged	library export of packages/server; internal/experimental/routing tests ported from packages/server/test/{conformance,listener,protocol,server,unix,unix-connection}.test.ts (test-mapping-v1.0.4.json, all ported, mutation-checked)
pkg:server/testing#TestServerOptions::property:onError	not-exercised	P1(b)	internal/experimental/routing/routingtest/server.go#TestServerOptions.OnError	library export of packages/server; internal/experimental/routing tests ported from packages/server/test/{conformance,listener,protocol,server,unix,unix-connection}.test.ts (test-mapping-v1.0.4.json, all ported, mutation-checked)
pkg:server/testing#TestServerOptions::property:serverId	not-exercised	P1(b)	internal/experimental/routing/routingtest/server.go#TestServerOptions.ServerId	library export of packages/server; internal/experimental/routing tests ported from packages/server/test/{conformance,listener,protocol,server,unix,unix-connection}.test.ts (test-mapping-v1.0.4.json, all ported, mutation-checked)
pkg:server/testing#WireChannel	child-gap	child-gap	internal/experimental/routing/routingtest/client.go#WireChannel	closes with its children
pkg:server/testing#WireChannel::property:close	not-exercised	P1(b)	internal/experimental/routing/routingtest/client.go#WireChannel.Close	library export of packages/server; internal/experimental/routing tests ported from packages/server/test/{conformance,listener,protocol,server,unix,unix-connection}.test.ts (test-mapping-v1.0.4.json, all ported, mutation-checked)
pkg:server/testing#WireChannel::property:close::call:0	not-exercised	P1(b)	internal/experimental/routing/routingtest/client.go#WireChannel.Close	library export of packages/server; internal/experimental/routing tests ported from packages/server/test/{conformance,listener,protocol,server,unix,unix-connection}.test.ts (test-mapping-v1.0.4.json, all ported, mutation-checked)
pkg:server/testing#WireChannel::property:send	not-exercised	P1(b)	internal/experimental/routing/routingtest/client.go#WireChannel.Send	library export of packages/server; internal/experimental/routing tests ported from packages/server/test/{conformance,listener,protocol,server,unix,unix-connection}.test.ts (test-mapping-v1.0.4.json, all ported, mutation-checked)
pkg:server/testing#WireChannel::property:send::call:0	not-exercised	P1(b)	internal/experimental/routing/routingtest/client.go#WireChannel.Send	library export of packages/server; internal/experimental/routing tests ported from packages/server/test/{conformance,listener,protocol,server,unix,unix-connection}.test.ts (test-mapping-v1.0.4.json, all ported, mutation-checked)
pkg:server/testing#WireChannel::property:sendFragmented	not-exercised	P1(b)	internal/experimental/routing/routingtest/client.go#WireChannel.SendFragmented	library export of packages/server; internal/experimental/routing tests ported from packages/server/test/{conformance,listener,protocol,server,unix,unix-connection}.test.ts (test-mapping-v1.0.4.json, all ported, mutation-checked)
pkg:server/testing#WireChannel::property:sendFragmented::call:0	not-exercised	P1(b)	internal/experimental/routing/routingtest/client.go#WireChannel.SendFragmented	library export of packages/server; internal/experimental/routing tests ported from packages/server/test/{conformance,listener,protocol,server,unix,unix-connection}.test.ts (test-mapping-v1.0.4.json, all ported, mutation-checked)
pkg:server/unix#UnixListenerOptions	child-gap	child-gap	internal/experimental/routing/unix.go#UnixListenerOptions	closes with its children
pkg:server/unix#UnixListenerOptions::property:gracefulCloseTimeoutMs	not-exercised	P1(b)	internal/experimental/routing/unix.go#UnixListenerOptions.GracefulCloseTimeoutMs	library export of packages/server; internal/experimental/routing tests ported from packages/server/test/{conformance,listener,protocol,server,unix,unix-connection}.test.ts (test-mapping-v1.0.4.json, all ported, mutation-checked)
pkg:server/unix#UnixListenerOptions::property:maxFrameLength	not-exercised	P1(b)	internal/experimental/routing/unix.go#UnixListenerOptions.MaxFrameLength	library export of packages/server; internal/experimental/routing tests ported from packages/server/test/{conformance,listener,protocol,server,unix,unix-connection}.test.ts (test-mapping-v1.0.4.json, all ported, mutation-checked)
pkg:server/unix#UnixListenerOptions::property:maxPendingBytes	not-exercised	P1(b)	internal/experimental/routing/unix.go#UnixListenerOptions.MaxPendingBytes	library export of packages/server; internal/experimental/routing tests ported from packages/server/test/{conformance,listener,protocol,server,unix,unix-connection}.test.ts (test-mapping-v1.0.4.json, all ported, mutation-checked)
pkg:server/unix#UnixListenerOptions::property:mode	not-exercised	P1(b)	internal/experimental/routing/unix.go#UnixListenerOptions.Mode	library export of packages/server; internal/experimental/routing tests ported from packages/server/test/{conformance,listener,protocol,server,unix,unix-connection}.test.ts (test-mapping-v1.0.4.json, all ported, mutation-checked)
pkg:server/unix#UnixListenerOptions::property:onError	not-exercised	P1(b)	internal/experimental/routing/unix.go#UnixListenerOptions.OnError	library export of packages/server; internal/experimental/routing tests ported from packages/server/test/{conformance,listener,protocol,server,unix,unix-connection}.test.ts (test-mapping-v1.0.4.json, all ported, mutation-checked)
pkg:server/unix#UnixListenerOptions::property:path	not-exercised	P1(b)	internal/experimental/routing/unix.go#UnixListenerOptions.Path	library export of packages/server; internal/experimental/routing tests ported from packages/server/test/{conformance,listener,protocol,server,unix,unix-connection}.test.ts (test-mapping-v1.0.4.json, all ported, mutation-checked)
pkg:server/unix#UnixServerOptions	child-gap	child-gap	internal/experimental/routing/unix.go#UnixServerOptions	closes with its children
pkg:server/unix#UnixServerOptions::property:gracefulCloseTimeoutMs	not-exercised	P1(b)	internal/experimental/routing/unix.go#UnixServerOptions.GracefulCloseTimeoutMs	library export of packages/server; internal/experimental/routing tests ported from packages/server/test/{conformance,listener,protocol,server,unix,unix-connection}.test.ts (test-mapping-v1.0.4.json, all ported, mutation-checked)
pkg:server/unix#UnixServerOptions::property:handshakeTimeoutMs	not-exercised	P1(b)	internal/experimental/routing/unix.go#UnixServerOptions.HandshakeTimeoutMs	library export of packages/server; internal/experimental/routing tests ported from packages/server/test/{conformance,listener,protocol,server,unix,unix-connection}.test.ts (test-mapping-v1.0.4.json, all ported, mutation-checked)
pkg:server/unix#UnixServerOptions::property:maxFrameLength	not-exercised	P1(b)	internal/experimental/routing/unix.go#UnixServerOptions.MaxFrameLength	library export of packages/server; internal/experimental/routing tests ported from packages/server/test/{conformance,listener,protocol,server,unix,unix-connection}.test.ts (test-mapping-v1.0.4.json, all ported, mutation-checked)
pkg:server/unix#UnixServerOptions::property:maxPendingBytes	not-exercised	P1(b)	internal/experimental/routing/unix.go#UnixServerOptions.MaxPendingBytes	library export of packages/server; internal/experimental/routing tests ported from packages/server/test/{conformance,listener,protocol,server,unix,unix-connection}.test.ts (test-mapping-v1.0.4.json, all ported, mutation-checked)
pkg:server/unix#UnixServerOptions::property:mode	not-exercised	P1(b)	internal/experimental/routing/unix.go#UnixServerOptions.Mode	library export of packages/server; internal/experimental/routing tests ported from packages/server/test/{conformance,listener,protocol,server,unix,unix-connection}.test.ts (test-mapping-v1.0.4.json, all ported, mutation-checked)
pkg:server/unix#UnixServerOptions::property:onConnectionCountChanged	not-exercised	P1(b)	internal/experimental/routing/unix.go#UnixServerOptions.OnConnectionCountChanged	library export of packages/server; internal/experimental/routing tests ported from packages/server/test/{conformance,listener,protocol,server,unix,unix-connection}.test.ts (test-mapping-v1.0.4.json, all ported, mutation-checked)
pkg:server/unix#UnixServerOptions::property:onError	not-exercised	P1(b)	internal/experimental/routing/unix.go#UnixServerOptions.OnError	library export of packages/server; internal/experimental/routing tests ported from packages/server/test/{conformance,listener,protocol,server,unix,unix-connection}.test.ts (test-mapping-v1.0.4.json, all ported, mutation-checked)
pkg:server/unix#UnixServerOptions::property:path	not-exercised	P1(b)	internal/experimental/routing/unix.go#UnixServerOptions.Path	library export of packages/server; internal/experimental/routing tests ported from packages/server/test/{conformance,listener,protocol,server,unix,unix-connection}.test.ts (test-mapping-v1.0.4.json, all ported, mutation-checked)
pkg:server/unix#UnixServerOptions::property:serverId	not-exercised	P1(b)	internal/experimental/routing/unix.go#UnixServerOptions.ServerId	library export of packages/server; internal/experimental/routing tests ported from packages/server/test/{conformance,listener,protocol,server,unix,unix-connection}.test.ts (test-mapping-v1.0.4.json, all ported, mutation-checked)
pkg:server/unix#createUnixListener	child-gap	child-gap	internal/experimental/routing/unix.go#CreateUnixListener	closes with its children
pkg:server/unix#createUnixListener::call:0	signature-mismatch	result resolution	internal/experimental/routing/unix.go#CreateUnixListener	the candidate is CreateUnixListener(UnixListenerOptions) (*UnixListener, error); Pi returns ServerListener (listener.ts), which the Go *UnixListener implements. The detector reads the upstream result as nothing and the Go result as string
