pkg:tui/.#Terminal::property:drainInput::call:0	MISSING-BEHAVIOUR	exercise (test only)	tui/terminal.go#Terminal.DrainInput	Pi .upstream/v1.0.4/packages/tui/src/terminal.ts:80-112 interface Terminal; Go tui/terminal.go:80 Terminal interface + ProcessTerminal methods exist with Pi sequences (terminal.ts:496-545). Only a test through the interface was missing: added tui/terminal_interface_test.go + terminal_interface_pty_test.go (6e2ee3e6b).
pkg:tui/.#Terminal::property:drainInput	MISSING-BEHAVIOUR	exercise (test only)	tui/terminal.go#Terminal.DrainInput	Pi .upstream/v1.0.4/packages/tui/src/terminal.ts:80-112 interface Terminal; Go tui/terminal.go:80 Terminal interface + ProcessTerminal methods exist with Pi sequences (terminal.ts:496-545). Only a test through the interface was missing: added tui/terminal_interface_test.go + terminal_interface_pty_test.go (6e2ee3e6b).
pkg:tui/.#Terminal::property:hideCursor::call:0	MISSING-BEHAVIOUR	exercise (test only)	tui/terminal.go#Terminal.HideCursor	Pi .upstream/v1.0.4/packages/tui/src/terminal.ts:80-112 interface Terminal; Go tui/terminal.go:80 Terminal interface + ProcessTerminal methods exist with Pi sequences (terminal.ts:496-545). Only a test through the interface was missing: added tui/terminal_interface_test.go + terminal_interface_pty_test.go (6e2ee3e6b).
pkg:tui/.#Terminal::property:hideCursor	MISSING-BEHAVIOUR	exercise (test only)	tui/terminal.go#Terminal.HideCursor	Pi .upstream/v1.0.4/packages/tui/src/terminal.ts:80-112 interface Terminal; Go tui/terminal.go:80 Terminal interface + ProcessTerminal methods exist with Pi sequences (terminal.ts:496-545). Only a test through the interface was missing: added tui/terminal_interface_test.go + terminal_interface_pty_test.go (6e2ee3e6b).
pkg:tui/.#Terminal::property:kittyProtocolActive	MISSING-BEHAVIOUR	exercise (test only)	tui/terminal.go#Terminal.KittyProtocolActive	Pi .upstream/v1.0.4/packages/tui/src/terminal.ts:80-112 interface Terminal; Go tui/terminal.go:80 Terminal interface + ProcessTerminal methods exist with Pi sequences (terminal.ts:496-545). Only a test through the interface was missing: added tui/terminal_interface_test.go + terminal_interface_pty_test.go (6e2ee3e6b).
pkg:tui/.#Terminal::property:moveBy::call:0	MISSING-BEHAVIOUR	exercise (test only)	tui/terminal.go#Terminal.MoveBy	Pi .upstream/v1.0.4/packages/tui/src/terminal.ts:80-112 interface Terminal; Go tui/terminal.go:80 Terminal interface + ProcessTerminal methods exist with Pi sequences (terminal.ts:496-545). Only a test through the interface was missing: added tui/terminal_interface_test.go + terminal_interface_pty_test.go (6e2ee3e6b).
pkg:tui/.#Terminal::property:moveBy	MISSING-BEHAVIOUR	exercise (test only)	tui/terminal.go#Terminal.MoveBy	Pi .upstream/v1.0.4/packages/tui/src/terminal.ts:80-112 interface Terminal; Go tui/terminal.go:80 Terminal interface + ProcessTerminal methods exist with Pi sequences (terminal.ts:496-545). Only a test through the interface was missing: added tui/terminal_interface_test.go + terminal_interface_pty_test.go (6e2ee3e6b).
pkg:tui/.#Terminal::property:rows	MISSING-BEHAVIOUR	exercise (test only)	tui/terminal.go#Terminal.Rows	Pi .upstream/v1.0.4/packages/tui/src/terminal.ts:80-112 interface Terminal; Go tui/terminal.go:80 Terminal interface + ProcessTerminal methods exist with Pi sequences (terminal.ts:496-545). Only a test through the interface was missing: added tui/terminal_interface_test.go + terminal_interface_pty_test.go (6e2ee3e6b).
pkg:tui/.#Terminal::property:setProgress::call:0	MISSING-BEHAVIOUR	exercise (test only)	tui/terminal.go#Terminal.SetProgress	Pi .upstream/v1.0.4/packages/tui/src/terminal.ts:80-112 interface Terminal; Go tui/terminal.go:80 Terminal interface + ProcessTerminal methods exist with Pi sequences (terminal.ts:496-545). Only a test through the interface was missing: added tui/terminal_interface_test.go + terminal_interface_pty_test.go (6e2ee3e6b).
pkg:tui/.#Terminal::property:setProgress	MISSING-BEHAVIOUR	exercise (test only)	tui/terminal.go#Terminal.SetProgress	Pi .upstream/v1.0.4/packages/tui/src/terminal.ts:80-112 interface Terminal; Go tui/terminal.go:80 Terminal interface + ProcessTerminal methods exist with Pi sequences (terminal.ts:496-545). Only a test through the interface was missing: added tui/terminal_interface_test.go + terminal_interface_pty_test.go (6e2ee3e6b).
pkg:tui/.#Terminal::property:setTitle::call:0	MISSING-BEHAVIOUR	exercise (test only)	tui/terminal.go#Terminal.SetTitle	Pi .upstream/v1.0.4/packages/tui/src/terminal.ts:80-112 interface Terminal; Go tui/terminal.go:80 Terminal interface + ProcessTerminal methods exist with Pi sequences (terminal.ts:496-545). Only a test through the interface was missing: added tui/terminal_interface_test.go + terminal_interface_pty_test.go (6e2ee3e6b).
pkg:tui/.#Terminal::property:setTitle	MISSING-BEHAVIOUR	exercise (test only)	tui/terminal.go#Terminal.SetTitle	Pi .upstream/v1.0.4/packages/tui/src/terminal.ts:80-112 interface Terminal; Go tui/terminal.go:80 Terminal interface + ProcessTerminal methods exist with Pi sequences (terminal.ts:496-545). Only a test through the interface was missing: added tui/terminal_interface_test.go + terminal_interface_pty_test.go (6e2ee3e6b).
pkg:tui/.#Terminal::property:showCursor::call:0	MISSING-BEHAVIOUR	exercise (test only)	tui/terminal.go#Terminal.ShowCursor	Pi .upstream/v1.0.4/packages/tui/src/terminal.ts:80-112 interface Terminal; Go tui/terminal.go:80 Terminal interface + ProcessTerminal methods exist with Pi sequences (terminal.ts:496-545). Only a test through the interface was missing: added tui/terminal_interface_test.go + terminal_interface_pty_test.go (6e2ee3e6b).
pkg:tui/.#Terminal::property:showCursor	MISSING-BEHAVIOUR	exercise (test only)	tui/terminal.go#Terminal.ShowCursor	Pi .upstream/v1.0.4/packages/tui/src/terminal.ts:80-112 interface Terminal; Go tui/terminal.go:80 Terminal interface + ProcessTerminal methods exist with Pi sequences (terminal.ts:496-545). Only a test through the interface was missing: added tui/terminal_interface_test.go + terminal_interface_pty_test.go (6e2ee3e6b).
pkg:tui/.#Terminal::property:start::call:0	RENAME	4 functions: callback param string vs []byte	tui/terminal.go#Terminal.Start	Pi .upstream/v1.0.4/packages/tui/src/terminal.ts:80 start(onInput:(data:string)=>void); Go terminal.go:~80 was func([]byte). FIXED in 6e2ee3e6b (func(string)); Go string is the byte payload, no data change.
pkg:tui/.#Terminal::property:start	MISSING-BEHAVIOUR	exercise (test only)	tui/terminal.go#Terminal.Start	Pi .upstream/v1.0.4/packages/tui/src/terminal.ts:80-112 interface Terminal; Go tui/terminal.go:80 Terminal interface + ProcessTerminal methods exist with Pi sequences (terminal.ts:496-545). Only a test through the interface was missing: added tui/terminal_interface_test.go + terminal_interface_pty_test.go (6e2ee3e6b).
pkg:tui/.#Terminal::property:stop::call:0	MISSING-BEHAVIOUR	exercise (test only)	tui/terminal.go#Terminal.Stop	Pi .upstream/v1.0.4/packages/tui/src/terminal.ts:80-112 interface Terminal; Go tui/terminal.go:80 Terminal interface + ProcessTerminal methods exist with Pi sequences (terminal.ts:496-545). Only a test through the interface was missing: added tui/terminal_interface_test.go + terminal_interface_pty_test.go (6e2ee3e6b).
pkg:tui/.#Terminal::property:stop	MISSING-BEHAVIOUR	exercise (test only)	tui/terminal.go#Terminal.Stop	Pi .upstream/v1.0.4/packages/tui/src/terminal.ts:80-112 interface Terminal; Go tui/terminal.go:80 Terminal interface + ProcessTerminal methods exist with Pi sequences (terminal.ts:496-545). Only a test through the interface was missing: added tui/terminal_interface_test.go + terminal_interface_pty_test.go (6e2ee3e6b).
pkg:tui/.#Terminal::property:write::call:0	MISSING-BEHAVIOUR	exercise (test only)	tui/terminal.go#Terminal.Write	Pi .upstream/v1.0.4/packages/tui/src/terminal.ts:80-112 interface Terminal; Go tui/terminal.go:80 Terminal interface + ProcessTerminal methods exist with Pi sequences (terminal.ts:496-545). Only a test through the interface was missing: added tui/terminal_interface_test.go + terminal_interface_pty_test.go (6e2ee3e6b).
pkg:tui/.#Terminal::property:write	MISSING-BEHAVIOUR	exercise (test only)	tui/terminal.go#Terminal.Write	Pi .upstream/v1.0.4/packages/tui/src/terminal.ts:80-112 interface Terminal; Go tui/terminal.go:80 Terminal interface + ProcessTerminal methods exist with Pi sequences (terminal.ts:496-545). Only a test through the interface was missing: added tui/terminal_interface_test.go + terminal_interface_pty_test.go (6e2ee3e6b).
pkg:tui/.#Terminal	MISSING-BEHAVIOUR	exercise (test only)	tui/terminal.go#Terminal	Pi .upstream/v1.0.4/packages/tui/src/terminal.ts:80-112 interface Terminal; Go tui/terminal.go:80 Terminal interface + ProcessTerminal methods exist with Pi sequences (terminal.ts:496-545). Only a test through the interface was missing: added tui/terminal_interface_test.go + terminal_interface_pty_test.go (6e2ee3e6b).
pkg:tui/.#Text::construct:0	MISSING-BEHAVIOUR	4 functions: constructor defaults/params	tui/text.go#NewText	Pi .upstream/v1.0.4/packages/tui/src/components/text.ts:18 constructor(text='',paddingX=1,paddingY=1,customBgFn?); Go text.go:30 NewText(content) leaves PaddingX/PaddingY 0 (Pi default 1) - fields exist (text.go:15-17), NewPaddedText exists. Real default drift, rule: defaults of optional ctor params.
pkg:tui/.#TruncatedText::construct:0	MISSING-BEHAVIOUR	4 functions: constructor params	tui/truncated_text.go#NewTruncatedText	Pi .upstream/v1.0.4/packages/tui/src/components/truncated-text.ts:12 constructor(text,paddingX=0,paddingY=0); Go truncated_text.go:22 NewTruncatedText(content,maxLines) - maxLines is a Go-only param; NewPaddedTruncatedText(content,px,py) is the Pi shape. Rename candidate: Pi ctor -> NewPaddedTruncatedText (params 3 vs 3).
pkg:tui/.#TuiAltScreen::construct:0	MISSING-BEHAVIOUR	4 functions: ctor(terminal,showHardwareCursor?,logDirectory?,options)	tui/tui_alt_screen.go#NewTuiAltScreen	Pi .upstream/v1.0.4/packages/tui/src/tui-alt-screen.ts:255; Go tui_alt_screen.go:272 NewTuiAltScreen(options) owns stdout; Go has no Terminal injection (renderer writes tuiBase.out io.Writer, tui.go:~400). Needs Terminal field or documented rename NewTuiAltScreenWithOutput.
pkg:tui/.#TuiAltScreenOptions::property:copySelection	MISSING-DATA	2/4 optionality + Promise result	tui/tui_alt_screen.go#TuiAltScreenOptions.CopySelection	Pi .upstream/v1.0.4/packages/tui/src/tui-alt-screen.ts:198 copySelection?:(text)=>Promise<boolean|string>; Go tui_alt_screen.go:177 func(string) error: loses the boolean|string result (false=not copied / string=message). Type change, callers in internal/codingagent.
pkg:tui/.#TuiAltScreen::property:%5BSymbol.VIEWPORT_TUI%5D	RENAME	3 unions/brands: Symbol-keyed brand -> Go interface membership	tui/tui_alt_screen.go#ViewportTUI	Pi tui.ts:484 brand; Go ViewportTUI interface tui_alt_screen.go:49 is the brand; no marker method needed - rule: Symbol-keyed brand -> interface membership
pkg:tui/.#TuiAltScreen::property:addChild::call:0	RENAME	1 naming (verbs differ) / 4 optional params: Pi default-arg -> Go separate method	tui/tui.go#TuiAltScreen.Add	Container.Add tui.go:115
pkg:tui/.#TuiAltScreen::property:addChild	RENAME	1 naming (verbs differ) / 4 optional params: Pi default-arg -> Go separate method	tui/tui.go#TuiAltScreen.Add	Container.Add tui.go:115
pkg:tui/.#TuiAltScreen::property:addInputListener::call:0	RENAME	5 placement: member promoted from embedded tuiBase/Container	tui/tui.go#tuiBase.AddInputListener	tui_input.go:23 (member-rule fails to follow promotion on TuiAltScreen ; or member really absent)
pkg:tui/.#TuiAltScreen::property:addInputListener	RENAME	5 placement: member promoted from embedded tuiBase/Container	tui/tui.go#tuiBase.AddInputListener	tui_input.go:23 (member-rule fails to follow promotion on TuiAltScreen ; or member really absent)
pkg:tui/.#TuiAltScreen::property:fullRedraws	MISSING-BEHAVIOUR	5 placement: member absent on Go owner	tui/tui_alt_screen.go#TuiAltScreen	Pi tui.ts:554 fullRedrawCount; no Go counter anywhere (grep fullRedraw: only local bool)
pkg:tui/.#TuiAltScreen::property:getClearOnShrink::call:0	RENAME	5 placement: member promoted from embedded tuiBase/Container	tui/tui.go#tuiBase.GetClearOnShrink	TUI.GetClearOnShrink tui.go:1076; TuiAltScreen has none (SetClearOnShrink no-op tui_alt_screen.go:645) (member-rule fails to follow promotion on TuiAltScreen ; or member really absent)
pkg:tui/.#TuiAltScreen::property:getClearOnShrink	RENAME	5 placement: member promoted from embedded tuiBase/Container	tui/tui.go#tuiBase.GetClearOnShrink	TUI.GetClearOnShrink tui.go:1076; TuiAltScreen has none (SetClearOnShrink no-op tui_alt_screen.go:645) (member-rule fails to follow promotion on TuiAltScreen ; or member really absent)
pkg:tui/.#TuiAltScreen::property:getFocusedComponent::call:0	RENAME	5 placement: member promoted from embedded tuiBase/Container	tui/tui.go#tuiBase.GetFocusedComponent	tui.go:957 (member-rule fails to follow promotion on TuiAltScreen ; or member really absent)
pkg:tui/.#TuiAltScreen::property:getFocusedComponent	RENAME	5 placement: member promoted from embedded tuiBase/Container	tui/tui.go#tuiBase.GetFocusedComponent	tui.go:957 (member-rule fails to follow promotion on TuiAltScreen ; or member really absent)
pkg:tui/.#TuiAltScreen::property:hasOverlayEntries	MISSING-BEHAVIOUR	5 placement: member absent on Go owner	tui/tui_alt_screen.go#TuiAltScreen	Pi tui.ts:~512 getter overlayStack.length>0; Go hasOverlay() unexported tui.go:983 + HasOverlay tui.go:993 (exported equals Pi hasOverlay)
pkg:tui/.#TuiAltScreen::property:onDebug	MISSING-BEHAVIOUR	5 placement: member absent on Go owner	tui/tui_alt_screen.go#TuiAltScreen	Pi tui.ts onDebug?: ()=>void invoked on Shift+Ctrl+D; Go app handles debug key itself in internal/codingagent; no TUI field
pkg:tui/.#TuiAltScreen::property:onTerminalColorSchemeChange::call:0	RENAME	5 placement: member promoted from embedded tuiBase/Container	tui/tui.go#tuiBase.OnTerminalColorSchemeChange	tui_input.go:76 (member-rule fails to follow promotion on TuiAltScreen ; or member really absent)
pkg:tui/.#TuiAltScreen::property:onTerminalColorSchemeChange	RENAME	5 placement: member promoted from embedded tuiBase/Container	tui/tui.go#tuiBase.OnTerminalColorSchemeChange	tui_input.go:76 (member-rule fails to follow promotion on TuiAltScreen ; or member really absent)
pkg:tui/.#TuiAltScreen::property:removeChild::call:0	RENAME	1 naming (verbs differ) / 4 optional params: Pi default-arg -> Go separate method	tui/tui.go#TuiAltScreen.Remove	Container.Remove tui.go:122
pkg:tui/.#TuiAltScreen::property:removeChild	RENAME	1 naming (verbs differ) / 4 optional params: Pi default-arg -> Go separate method	tui/tui.go#TuiAltScreen.Remove	Container.Remove tui.go:122
pkg:tui/.#TuiAltScreen::property:removeInputListener::call:0	RENAME	5 placement: member promoted from embedded tuiBase/Container	tui/tui.go#tuiBase.RemoveInputListener	tui_input.go:37 (member-rule fails to follow promotion on TuiAltScreen ; or member really absent)
pkg:tui/.#TuiAltScreen::property:removeInputListener	RENAME	5 placement: member promoted from embedded tuiBase/Container	tui/tui.go#tuiBase.RemoveInputListener	tui_input.go:37 (member-rule fails to follow promotion on TuiAltScreen ; or member really absent)
pkg:tui/.#TuiAltScreen::property:render::call:0	RENAME	1 naming (verbs differ) / 4 optional params: Pi default-arg -> Go separate method	tui/tui.go#TuiAltScreen.RenderSnapshot	RenderSnapshot(width) tui.go:1120 (Go Render() is the frame paint, tui.go:1354, shadowing Container.Render(width))
pkg:tui/.#TuiAltScreen::property:renderNow::call:0	RENAME	1 naming (verbs differ) / 4 optional params: Pi default-arg -> Go separate method	tui/tui.go#TuiAltScreen.Render	tuiBase.Render() tui.go:1354 = Pi doRender after cancelPendingRender; force flag = ForceFullRender()+Render
pkg:tui/.#TuiAltScreen::property:renderNow	RENAME	1 naming (verbs differ) / 4 optional params: Pi default-arg -> Go separate method	tui/tui.go#TuiAltScreen.Render	tuiBase.Render() tui.go:1354 = Pi doRender after cancelPendingRender; force flag = ForceFullRender()+Render
pkg:tui/.#TuiAltScreen::property:requestRender::call:0	RENAME	1 naming (verbs differ) / 4 optional params: Pi default-arg -> Go separate method	tui/tui.go#TuiAltScreen.RequestRender	tuiBase.RequestRender tui.go:1182 (force via RequestImmediateRender / requestRender(true))
pkg:tui/.#TuiAltScreen::property:setTerminalColorSchemeNotifications::call:0	RENAME	5 placement: member promoted from embedded tuiBase/Container	tui/tui.go#tuiBase.SetTerminalColorSchemeNotifications	tui_input.go:96 (member-rule fails to follow promotion on TuiAltScreen ; or member really absent)
pkg:tui/.#TuiAltScreen::property:setTerminalColorSchemeNotifications	RENAME	5 placement: member promoted from embedded tuiBase/Container	tui/tui.go#tuiBase.SetTerminalColorSchemeNotifications	tui_input.go:96 (member-rule fails to follow promotion on TuiAltScreen ; or member really absent)
pkg:tui/.#TuiAltScreen::property:showOverlay::call:0	RENAME	5 placement: member promoted from embedded tuiBase/Container	tui/tui.go#tuiBase.ShowOverlay	tuiBase.ShowOverlay tui.go:761 (member-rule fails to follow promotion on TuiAltScreen ; or member really absent)
pkg:tui/.#TuiAltScreen::property:showOverlay	RENAME	5 placement: member promoted from embedded tuiBase/Container	tui/tui.go#tuiBase.ShowOverlay	tuiBase.ShowOverlay tui.go:761 (member-rule fails to follow promotion on TuiAltScreen ; or member really absent)
pkg:tui/.#TuiAltScreen::property:stop::call:0	RENAME	1 naming (verbs differ) / 4 optional params: Pi default-arg -> Go separate method	tui/tui.go#TuiAltScreen.StopWithOptions	StopWithOptions(StopOptions) tui.go:2019 / tui_alt_screen.go:464; Stop() is the no-arg form
pkg:tui/.#TuiAltScreen::property:terminal	MISSING-BEHAVIOUR	5 placement: member absent on Go owner	tui/tui_alt_screen.go#TuiAltScreen	Pi tui.ts:497 terminal:Terminal; Go tuiBase holds out io.Writer (tui.go:~400), no Terminal field; accessor Terminal() would need an adapter over out (NewProcessTerminalWithOutput exists, terminal.go:144)
pkg:tui/.#TuiInputListenerResult	RENAME	1 naming/placement: Pi class/type name vs Go name	tui/tui_input.go#TuiInputResult	Pi tui.ts:144 {consume?,data?}|undefined; Go tui_input.go:11 TuiInputResult{Consume bool,Data *string} (nil result = undefined)
pkg:tui/.#TuiInputListener	RENAME	1 naming	tui/tui_input.go#TuiInputListener	Pi tui.ts:145 type TuiInputListener=(data)=>Result; Go tui_input.go:17 exists (detector closed it after integrate-042 merge)
pkg:tui/.#TUI_KEYBINDINGS	RENAME	1 naming: SCREAMING_CASE const -> PascalCase var	tui/keybindings.go#TUIKeybindings	Pi .upstream/v1.0.4/packages/tui/src/keybindings.ts:71; Go keybindings.go:226 was unexported tuiKeybindingDefs. FIXED: exported as TUIKeybindings (N2 fold matches).
pkg:tui/.#TuiMainScreenRenderState	RENAME	1 naming/placement: Pi class/type name vs Go name	tui/tui.go#TUIRenderState	Pi tui-main-screen.ts:46; Go tui.go:1947 TUIRenderState, same 7 fields
pkg:tui/.#TuiMainScreen	RENAME	1 naming/placement: Pi class/type name vs Go name	tui/tui.go#TUI	tui.go:482 comment "ports pi-tui TuiMainScreen (name TUI kept)"; Pi tui-main-screen.ts class
pkg:tui/.#TuiMode	MISSING-DATA	3 unions: literal union type+consts	tui/tui.go#TUI.Mode (string "regular"|"fullscreen")	Pi tui.ts:446 "regular"|"fullscreen"; Go has no TuiMode type, TuiAltScreen.Mode() returns string (tui_alt_screen.go:289); needs typed string + 2 consts (rule 3)
pkg:tui/.#TUI::property:addChild::call:0	RENAME	1 naming (verbs differ) / 4 optional params: Pi default-arg -> Go separate method	tui/tui.go#TUI.Add	Container.Add tui.go:115
pkg:tui/.#TUI::property:addChild	RENAME	1 naming (verbs differ) / 4 optional params: Pi default-arg -> Go separate method	tui/tui.go#TUI.Add	Container.Add tui.go:115
pkg:tui/.#TUI::property:addInputListener::call:0	RENAME	5 placement: member promoted from embedded tuiBase/Container	tui/tui.go#tuiBase.AddInputListener	tui_input.go:23 (member-rule fails to follow promotion on TUI ; or member really absent)
pkg:tui/.#TUI::property:addInputListener	RENAME	5 placement: member promoted from embedded tuiBase/Container	tui/tui.go#tuiBase.AddInputListener	tui_input.go:23 (member-rule fails to follow promotion on TUI ; or member really absent)
pkg:tui/.#TUI::property:fullRedraws	MISSING-BEHAVIOUR	5 placement: member absent on Go owner	tui/tui.go#TUI	Pi tui.ts:554 fullRedrawCount; no Go counter anywhere (grep fullRedraw: only local bool)
pkg:tui/.#TUI::property:mode	MISSING-DATA	5 placement: member absent on Go owner	tui/tui.go#TUI	TuiAltScreen.Mode() string tui_alt_screen.go:289; TUI has none (tui.go) -> MISSING
pkg:tui/.#TUI::property:onDebug	MISSING-BEHAVIOUR	5 placement: member absent on Go owner	tui/tui.go#TUI	Pi tui.ts onDebug?: ()=>void invoked on Shift+Ctrl+D; Go app handles debug key itself in internal/codingagent; no TUI field
pkg:tui/.#TUI::property:onTerminalColorSchemeChange::call:0	RENAME	5 placement: member promoted from embedded tuiBase/Container	tui/tui.go#tuiBase.OnTerminalColorSchemeChange	tui_input.go:76 (member-rule fails to follow promotion on TUI ; or member really absent)
pkg:tui/.#TUI::property:onTerminalColorSchemeChange	RENAME	5 placement: member promoted from embedded tuiBase/Container	tui/tui.go#tuiBase.OnTerminalColorSchemeChange	tui_input.go:76 (member-rule fails to follow promotion on TUI ; or member really absent)
pkg:tui/.#TUI::property:removeChild::call:0	RENAME	1 naming (verbs differ) / 4 optional params: Pi default-arg -> Go separate method	tui/tui.go#TUI.Remove	Container.Remove tui.go:122
pkg:tui/.#TUI::property:removeChild	RENAME	1 naming (verbs differ) / 4 optional params: Pi default-arg -> Go separate method	tui/tui.go#TUI.Remove	Container.Remove tui.go:122
pkg:tui/.#TUI::property:removeInputListener::call:0	RENAME	5 placement: member promoted from embedded tuiBase/Container	tui/tui.go#tuiBase.RemoveInputListener	tui_input.go:37 (member-rule fails to follow promotion on TUI ; or member really absent)
pkg:tui/.#TUI::property:removeInputListener	RENAME	5 placement: member promoted from embedded tuiBase/Container	tui/tui.go#tuiBase.RemoveInputListener	tui_input.go:37 (member-rule fails to follow promotion on TUI ; or member really absent)
pkg:tui/.#TUI::property:render::call:0	RENAME	1 naming (verbs differ) / 4 optional params: Pi default-arg -> Go separate method	tui/tui.go#TUI.RenderSnapshot	RenderSnapshot(width) tui.go:1120 (Go Render() is the frame paint, tui.go:1354, shadowing Container.Render(width))
pkg:tui/.#TUI::property:renderNow::call:0	RENAME	1 naming (verbs differ) / 4 optional params: Pi default-arg -> Go separate method	tui/tui.go#TUI.Render	tuiBase.Render() tui.go:1354 = Pi doRender after cancelPendingRender; force flag = ForceFullRender()+Render
pkg:tui/.#TUI::property:renderNow	RENAME	1 naming (verbs differ) / 4 optional params: Pi default-arg -> Go separate method	tui/tui.go#TUI.Render	tuiBase.Render() tui.go:1354 = Pi doRender after cancelPendingRender; force flag = ForceFullRender()+Render
pkg:tui/.#TUI::property:requestRender::call:0	RENAME	1 naming (verbs differ) / 4 optional params: Pi default-arg -> Go separate method	tui/tui.go#TUI.RequestRender	tuiBase.RequestRender tui.go:1182 (force via RequestImmediateRender / requestRender(true))
pkg:tui/.#TUI::property:setTerminalColorSchemeNotifications::call:0	RENAME	5 placement: member promoted from embedded tuiBase/Container	tui/tui.go#tuiBase.SetTerminalColorSchemeNotifications	tui_input.go:96 (member-rule fails to follow promotion on TUI ; or member really absent)
pkg:tui/.#TUI::property:setTerminalColorSchemeNotifications	RENAME	5 placement: member promoted from embedded tuiBase/Container	tui/tui.go#tuiBase.SetTerminalColorSchemeNotifications	tui_input.go:96 (member-rule fails to follow promotion on TUI ; or member really absent)
pkg:tui/.#TUI::property:showOverlay::call:0	RENAME	5 placement: member promoted from embedded tuiBase/Container	tui/tui.go#tuiBase.ShowOverlay	tuiBase.ShowOverlay tui.go:761 (member-rule fails to follow promotion on TUI ; or member really absent)
pkg:tui/.#TUI::property:showOverlay	RENAME	5 placement: member promoted from embedded tuiBase/Container	tui/tui.go#tuiBase.ShowOverlay	tuiBase.ShowOverlay tui.go:761 (member-rule fails to follow promotion on TUI ; or member really absent)
pkg:tui/.#TUI::property:stop::call:0	RENAME	1 naming (verbs differ) / 4 optional params: Pi default-arg -> Go separate method	tui/tui.go#TUI.StopWithOptions	StopWithOptions(StopOptions) tui.go:2019 / tui_alt_screen.go:464; Stop() is the no-arg form
pkg:tui/.#TUI::property:terminal	MISSING-BEHAVIOUR	5 placement: member absent on Go owner	tui/tui.go#TUI	Pi tui.ts:497 terminal:Terminal; Go tuiBase holds out io.Writer (tui.go:~400), no Terminal field; accessor Terminal() would need an adapter over out (NewProcessTerminalWithOutput exists, terminal.go:144)
pkg:tui/.#TUI::property:wantsKeyRelease	MISSING-DATA	2 optionality: optional boolean property -> method	tui/tui.go#TUI	Pi Component.wantsKeyRelease?:boolean (tui.ts:135); Go KeyReleaseReceiver interface tui.go:45 optional; TUI/ViewportTUI do not implement - Pi TuiBase inherits Component but has no value
pkg:tui/.#TuiStopOptions	RENAME	1 naming/placement: Pi class/type name vs Go name	tui/tui_alt_screen.go#StopOptions	Pi tui.ts:448 {preserveScreen?}; Go tui_alt_screen.go:451 StopOptions{PreserveScreen}
pkg:tui/.#ViewportTUI::property:%5BSymbol.VIEWPORT_TUI%5D	RENAME	3 unions/brands: Symbol-keyed brand -> Go interface membership	tui/tui_alt_screen.go#ViewportTUI	Pi tui.ts:484 brand; Go ViewportTUI interface tui_alt_screen.go:49 is the brand; no marker method needed - rule: Symbol-keyed brand -> interface membership
pkg:tui/.#ViewportTUI::property:addChild::call:0	MISSING-DATA	5 placement: Go ViewportTUI interface is narrower than Pi ViewportTUI extends TUI; method exists on concrete TuiAltScreen as Add	tui/tui_alt_screen.go#ViewportTUI.Add	Container.Add tui.go:115 ; fix = add method to the interface (rule: interface embeds base interface => member set union)
pkg:tui/.#ViewportTUI::property:addChild	MISSING-DATA	5 placement: Go ViewportTUI interface is narrower than Pi ViewportTUI extends TUI; method exists on concrete TuiAltScreen as Add	tui/tui_alt_screen.go#ViewportTUI.Add	Container.Add tui.go:115 ; fix = add method to the interface (rule: interface embeds base interface => member set union)
pkg:tui/.#ViewportTUI::property:addInputListener::call:0	MISSING-DATA	5 placement: Go ViewportTUI interface is narrower than Pi ViewportTUI extends TUI; method exists on concrete TuiAltScreen as AddInputListener	tui/tui_alt_screen.go#ViewportTUI.AddInputListener	tui_input.go:23 ; fix = add method to the interface (rule: interface embeds base interface => member set union)
pkg:tui/.#ViewportTUI::property:addInputListener	MISSING-DATA	5 placement: Go ViewportTUI interface is narrower than Pi ViewportTUI extends TUI; method exists on concrete TuiAltScreen as AddInputListener	tui/tui_alt_screen.go#ViewportTUI.AddInputListener	tui_input.go:23 ; fix = add method to the interface (rule: interface embeds base interface => member set union)
pkg:tui/.#ViewportTUI::property:children	MISSING-DATA	5 placement: Go ViewportTUI interface is narrower than Pi ViewportTUI extends TUI; method exists on concrete TuiAltScreen as Children	tui/tui_alt_screen.go#ViewportTUI.Children	Container.Children tui.go:184 ; fix = add method to the interface (rule: interface embeds base interface => member set union)
pkg:tui/.#ViewportTUI::property:clear::call:0	MISSING-DATA	5 placement: Go ViewportTUI interface is narrower than Pi ViewportTUI extends TUI; method exists on concrete TuiAltScreen as Clear	tui/tui_alt_screen.go#ViewportTUI.Clear	Container.Clear tui.go:152 ; fix = add method to the interface (rule: interface embeds base interface => member set union)
pkg:tui/.#ViewportTUI::property:clear	MISSING-DATA	5 placement: Go ViewportTUI interface is narrower than Pi ViewportTUI extends TUI; method exists on concrete TuiAltScreen as Clear	tui/tui_alt_screen.go#ViewportTUI.Clear	Container.Clear tui.go:152 ; fix = add method to the interface (rule: interface embeds base interface => member set union)
pkg:tui/.#ViewportTUI::property:fullRedraws	MISSING-BEHAVIOUR	5 placement: member absent on Go owner	tui/tui_alt_screen.go#ViewportTUI	Pi tui.ts:554 fullRedrawCount; no Go counter anywhere (grep fullRedraw: only local bool)
pkg:tui/.#ViewportTUI::property:getClearOnShrink::call:0	MISSING-DATA	5 placement: Go ViewportTUI interface is narrower than Pi ViewportTUI extends TUI; method exists on concrete TuiAltScreen as GetClearOnShrink	tui/tui_alt_screen.go#ViewportTUI.GetClearOnShrink	TUI.GetClearOnShrink tui.go:1076; TuiAltScreen has none (SetClearOnShrink no-op tui_alt_screen.go:645) ; fix = add method to the interface (rule: interface embeds base interface => member set union)
pkg:tui/.#ViewportTUI::property:getClearOnShrink	MISSING-DATA	5 placement: Go ViewportTUI interface is narrower than Pi ViewportTUI extends TUI; method exists on concrete TuiAltScreen as GetClearOnShrink	tui/tui_alt_screen.go#ViewportTUI.GetClearOnShrink	TUI.GetClearOnShrink tui.go:1076; TuiAltScreen has none (SetClearOnShrink no-op tui_alt_screen.go:645) ; fix = add method to the interface (rule: interface embeds base interface => member set union)
pkg:tui/.#ViewportTUI::property:getShowHardwareCursor::call:0	MISSING-DATA	5 placement: Go ViewportTUI interface is narrower than Pi ViewportTUI extends TUI; method exists on concrete TuiAltScreen as GetShowHardwareCursor	tui/tui_alt_screen.go#ViewportTUI.GetShowHardwareCursor	tuiBase.GetShowHardwareCursor tui.go:1048 promoted; ViewportTUI interface lacks it ; fix = add method to the interface (rule: interface embeds base interface => member set union)
pkg:tui/.#ViewportTUI::property:getShowHardwareCursor	MISSING-DATA	5 placement: Go ViewportTUI interface is narrower than Pi ViewportTUI extends TUI; method exists on concrete TuiAltScreen as GetShowHardwareCursor	tui/tui_alt_screen.go#ViewportTUI.GetShowHardwareCursor	tuiBase.GetShowHardwareCursor tui.go:1048 promoted; ViewportTUI interface lacks it ; fix = add method to the interface (rule: interface embeds base interface => member set union)
pkg:tui/.#ViewportTUI::property:handleMouse	MISSING-DATA	5 placement: Go ViewportTUI interface is narrower than Pi ViewportTUI extends TUI; method exists on concrete TuiAltScreen as HandleMouse	tui/tui_alt_screen.go#ViewportTUI.HandleMouse	TuiAltScreen docs altScreenDocument.HandleMouse tui_alt_screen.go:208 ; fix = add method to the interface (rule: interface embeds base interface => member set union)
pkg:tui/.#ViewportTUI::property:hasOverlay::call:0	MISSING-DATA	5 placement: Go ViewportTUI interface is narrower than Pi ViewportTUI extends TUI; method exists on concrete TuiAltScreen as HasOverlay	tui/tui_alt_screen.go#ViewportTUI.HasOverlay	tuiBase.HasOverlay tui.go:993 ; fix = add method to the interface (rule: interface embeds base interface => member set union)
pkg:tui/.#ViewportTUI::property:hasOverlay	MISSING-DATA	5 placement: Go ViewportTUI interface is narrower than Pi ViewportTUI extends TUI; method exists on concrete TuiAltScreen as HasOverlay	tui/tui_alt_screen.go#ViewportTUI.HasOverlay	tuiBase.HasOverlay tui.go:993 ; fix = add method to the interface (rule: interface embeds base interface => member set union)
pkg:tui/.#ViewportTUI::property:hideOverlay::call:0	MISSING-DATA	5 placement: Go ViewportTUI interface is narrower than Pi ViewportTUI extends TUI; method exists on concrete TuiAltScreen as HideOverlay	tui/tui_alt_screen.go#ViewportTUI.HideOverlay	tuiBase.HideOverlay tui.go:883 ; fix = add method to the interface (rule: interface embeds base interface => member set union)
pkg:tui/.#ViewportTUI::property:hideOverlay	MISSING-DATA	5 placement: Go ViewportTUI interface is narrower than Pi ViewportTUI extends TUI; method exists on concrete TuiAltScreen as HideOverlay	tui/tui_alt_screen.go#ViewportTUI.HideOverlay	tuiBase.HideOverlay tui.go:883 ; fix = add method to the interface (rule: interface embeds base interface => member set union)
pkg:tui/.#ViewportTUI::property:invalidate::call:0	MISSING-DATA	5 placement: Go ViewportTUI interface is narrower than Pi ViewportTUI extends TUI; method exists on concrete TuiAltScreen as Invalidate	tui/tui_alt_screen.go#ViewportTUI.Invalidate	Container.Invalidate ; fix = add method to the interface (rule: interface embeds base interface => member set union)
pkg:tui/.#ViewportTUI::property:invalidate	MISSING-DATA	5 placement: Go ViewportTUI interface is narrower than Pi ViewportTUI extends TUI; method exists on concrete TuiAltScreen as Invalidate	tui/tui_alt_screen.go#ViewportTUI.Invalidate	Container.Invalidate ; fix = add method to the interface (rule: interface embeds base interface => member set union)
pkg:tui/.#ViewportTUI::property:onDebug	MISSING-BEHAVIOUR	5 placement: member absent on Go owner	tui/tui_alt_screen.go#ViewportTUI	Pi tui.ts onDebug?: ()=>void invoked on Shift+Ctrl+D; Go app handles debug key itself in internal/codingagent; no TUI field
pkg:tui/.#ViewportTUI::property:onTerminalColorSchemeChange::call:0	MISSING-DATA	5 placement: Go ViewportTUI interface is narrower than Pi ViewportTUI extends TUI; method exists on concrete TuiAltScreen as OnTerminalColorSchemeChange	tui/tui_alt_screen.go#ViewportTUI.OnTerminalColorSchemeChange	tui_input.go:76 ; fix = add method to the interface (rule: interface embeds base interface => member set union)
pkg:tui/.#ViewportTUI::property:onTerminalColorSchemeChange	MISSING-DATA	5 placement: Go ViewportTUI interface is narrower than Pi ViewportTUI extends TUI; method exists on concrete TuiAltScreen as OnTerminalColorSchemeChange	tui/tui_alt_screen.go#ViewportTUI.OnTerminalColorSchemeChange	tui_input.go:76 ; fix = add method to the interface (rule: interface embeds base interface => member set union)
pkg:tui/.#ViewportTUI::property:queryTerminalColors::call:0	MISSING-DATA	5 placement: Go ViewportTUI interface is narrower than Pi ViewportTUI extends TUI; method exists on concrete TuiAltScreen as QueryTerminalColors	tui/tui_alt_screen.go#ViewportTUI.QueryTerminalColors	tuiBase terminalBackground queries; ViewportTUI interface lacks it ; fix = add method to the interface (rule: interface embeds base interface => member set union)
pkg:tui/.#ViewportTUI::property:queryTerminalColors	MISSING-DATA	5 placement: Go ViewportTUI interface is narrower than Pi ViewportTUI extends TUI; method exists on concrete TuiAltScreen as QueryTerminalColors	tui/tui_alt_screen.go#ViewportTUI.QueryTerminalColors	tuiBase terminalBackground queries; ViewportTUI interface lacks it ; fix = add method to the interface (rule: interface embeds base interface => member set union)
pkg:tui/.#ViewportTUI::property:removeChild::call:0	MISSING-DATA	5 placement: Go ViewportTUI interface is narrower than Pi ViewportTUI extends TUI; method exists on concrete TuiAltScreen as Remove	tui/tui_alt_screen.go#ViewportTUI.Remove	Container.Remove tui.go:122 ; fix = add method to the interface (rule: interface embeds base interface => member set union)
pkg:tui/.#ViewportTUI::property:removeChild	MISSING-DATA	5 placement: Go ViewportTUI interface is narrower than Pi ViewportTUI extends TUI; method exists on concrete TuiAltScreen as Remove	tui/tui_alt_screen.go#ViewportTUI.Remove	Container.Remove tui.go:122 ; fix = add method to the interface (rule: interface embeds base interface => member set union)
pkg:tui/.#ViewportTUI::property:removeInputListener::call:0	MISSING-DATA	5 placement: Go ViewportTUI interface is narrower than Pi ViewportTUI extends TUI; method exists on concrete TuiAltScreen as RemoveInputListener	tui/tui_alt_screen.go#ViewportTUI.RemoveInputListener	tui_input.go:37 ; fix = add method to the interface (rule: interface embeds base interface => member set union)
pkg:tui/.#ViewportTUI::property:removeInputListener	MISSING-DATA	5 placement: Go ViewportTUI interface is narrower than Pi ViewportTUI extends TUI; method exists on concrete TuiAltScreen as RemoveInputListener	tui/tui_alt_screen.go#ViewportTUI.RemoveInputListener	tui_input.go:37 ; fix = add method to the interface (rule: interface embeds base interface => member set union)
pkg:tui/.#ViewportTUI::property:render::call:0	MISSING-DATA	5 placement: Go ViewportTUI interface is narrower than Pi ViewportTUI extends TUI; method exists on concrete TuiAltScreen as RenderSnapshot	tui/tui_alt_screen.go#ViewportTUI.RenderSnapshot	RenderSnapshot(width) tui.go:1120 (Go Render() is the frame paint, tui.go:1354, shadowing Container.Render(width)) ; fix = add method to the interface (rule: interface embeds base interface => member set union)
pkg:tui/.#ViewportTUI::property:renderNow::call:0	MISSING-DATA	5 placement: Go ViewportTUI interface is narrower than Pi ViewportTUI extends TUI; method exists on concrete TuiAltScreen as Render	tui/tui_alt_screen.go#ViewportTUI.Render	tuiBase.Render() tui.go:1354 = Pi doRender after cancelPendingRender; force flag = ForceFullRender()+Render ; fix = add method to the interface (rule: interface embeds base interface => member set union)
pkg:tui/.#ViewportTUI::property:renderNow	MISSING-DATA	5 placement: Go ViewportTUI interface is narrower than Pi ViewportTUI extends TUI; method exists on concrete TuiAltScreen as Render	tui/tui_alt_screen.go#ViewportTUI.Render	tuiBase.Render() tui.go:1354 = Pi doRender after cancelPendingRender; force flag = ForceFullRender()+Render ; fix = add method to the interface (rule: interface embeds base interface => member set union)
pkg:tui/.#ViewportTUI::property:render	MISSING-DATA	5 placement: Go ViewportTUI interface is narrower than Pi ViewportTUI extends TUI; method exists on concrete TuiAltScreen as RenderSnapshot	tui/tui_alt_screen.go#ViewportTUI.RenderSnapshot	RenderSnapshot(width) tui.go:1120 (Go Render() is the frame paint, tui.go:1354, shadowing Container.Render(width)) ; fix = add method to the interface (rule: interface embeds base interface => member set union)
pkg:tui/.#ViewportTUI::property:requestRender::call:0	MISSING-DATA	5 placement: Go ViewportTUI interface is narrower than Pi ViewportTUI extends TUI; method exists on concrete TuiAltScreen as RequestRender	tui/tui_alt_screen.go#ViewportTUI.RequestRender	tuiBase.RequestRender tui.go:1182 (force via RequestImmediateRender / requestRender(true)) ; fix = add method to the interface (rule: interface embeds base interface => member set union)
pkg:tui/.#ViewportTUI::property:requestRender	MISSING-DATA	5 placement: Go ViewportTUI interface is narrower than Pi ViewportTUI extends TUI; method exists on concrete TuiAltScreen as RequestRender	tui/tui_alt_screen.go#ViewportTUI.RequestRender	tuiBase.RequestRender tui.go:1182 (force via RequestImmediateRender / requestRender(true)) ; fix = add method to the interface (rule: interface embeds base interface => member set union)
pkg:tui/.#ViewportTUI::property:setClearOnShrink::call:0	MISSING-DATA	5 placement: Go ViewportTUI interface is narrower than Pi ViewportTUI extends TUI; method exists on concrete TuiAltScreen as SetClearOnShrink	tui/tui_alt_screen.go#ViewportTUI.SetClearOnShrink	tuiBase? only TUI.SetClearOnShrink tui.go:1085 and TuiAltScreen.SetClearOnShrink ; fix = add method to the interface (rule: interface embeds base interface => member set union)
pkg:tui/.#ViewportTUI::property:setClearOnShrink	MISSING-DATA	5 placement: Go ViewportTUI interface is narrower than Pi ViewportTUI extends TUI; method exists on concrete TuiAltScreen as SetClearOnShrink	tui/tui_alt_screen.go#ViewportTUI.SetClearOnShrink	tuiBase? only TUI.SetClearOnShrink tui.go:1085 and TuiAltScreen.SetClearOnShrink ; fix = add method to the interface (rule: interface embeds base interface => member set union)
pkg:tui/.#ViewportTUI::property:setFocus::call:0	MISSING-DATA	5 placement: Go ViewportTUI interface is narrower than Pi ViewportTUI extends TUI; method exists on concrete TuiAltScreen as SetFocus	tui/tui_alt_screen.go#ViewportTUI.SetFocus	tuiBase.SetFocus tui.go:894; ViewportTUI interface lacks it ; fix = add method to the interface (rule: interface embeds base interface => member set union)
pkg:tui/.#ViewportTUI::property:setFocus	MISSING-DATA	5 placement: Go ViewportTUI interface is narrower than Pi ViewportTUI extends TUI; method exists on concrete TuiAltScreen as SetFocus	tui/tui_alt_screen.go#ViewportTUI.SetFocus	tuiBase.SetFocus tui.go:894; ViewportTUI interface lacks it ; fix = add method to the interface (rule: interface embeds base interface => member set union)
pkg:tui/.#ViewportTUI::property:setLayoutRoot::call:0	MISSING-DATA	5 placement: Go ViewportTUI interface is narrower than Pi ViewportTUI extends TUI; method exists on concrete TuiAltScreen as SetLayoutRoot	tui/tui_alt_screen.go#ViewportTUI.SetLayoutRoot	tui_alt_screen.go:343, no test calls it through ViewportTUI ; fix = add method to the interface (rule: interface embeds base interface => member set union)
pkg:tui/.#ViewportTUI::property:setLayoutRoot	MISSING-DATA	5 placement: Go ViewportTUI interface is narrower than Pi ViewportTUI extends TUI; method exists on concrete TuiAltScreen as SetLayoutRoot	tui/tui_alt_screen.go#ViewportTUI.SetLayoutRoot	tui_alt_screen.go:343, no test calls it through ViewportTUI ; fix = add method to the interface (rule: interface embeds base interface => member set union)
pkg:tui/.#ViewportTUI::property:setShowHardwareCursor::call:0	MISSING-DATA	5 placement: Go ViewportTUI interface is narrower than Pi ViewportTUI extends TUI; method exists on concrete TuiAltScreen as SetShowHardwareCursor	tui/tui_alt_screen.go#ViewportTUI.SetShowHardwareCursor	TUI tui.go:1057, TuiAltScreen tui_alt_screen.go:650; ViewportTUI interface lacks it ; fix = add method to the interface (rule: interface embeds base interface => member set union)
pkg:tui/.#ViewportTUI::property:setShowHardwareCursor	MISSING-DATA	5 placement: Go ViewportTUI interface is narrower than Pi ViewportTUI extends TUI; method exists on concrete TuiAltScreen as SetShowHardwareCursor	tui/tui_alt_screen.go#ViewportTUI.SetShowHardwareCursor	TUI tui.go:1057, TuiAltScreen tui_alt_screen.go:650; ViewportTUI interface lacks it ; fix = add method to the interface (rule: interface embeds base interface => member set union)
pkg:tui/.#ViewportTUI::property:setTerminalColorSchemeNotifications::call:0	MISSING-DATA	5 placement: Go ViewportTUI interface is narrower than Pi ViewportTUI extends TUI; method exists on concrete TuiAltScreen as SetTerminalColorSchemeNotifications	tui/tui_alt_screen.go#ViewportTUI.SetTerminalColorSchemeNotifications	tui_input.go:96 ; fix = add method to the interface (rule: interface embeds base interface => member set union)
pkg:tui/.#ViewportTUI::property:setTerminalColorSchemeNotifications	MISSING-DATA	5 placement: Go ViewportTUI interface is narrower than Pi ViewportTUI extends TUI; method exists on concrete TuiAltScreen as SetTerminalColorSchemeNotifications	tui/tui_alt_screen.go#ViewportTUI.SetTerminalColorSchemeNotifications	tui_input.go:96 ; fix = add method to the interface (rule: interface embeds base interface => member set union)
pkg:tui/.#ViewportTUI::property:showOverlay::call:0	MISSING-DATA	5 placement: Go ViewportTUI interface is narrower than Pi ViewportTUI extends TUI; method exists on concrete TuiAltScreen as ShowOverlay	tui/tui_alt_screen.go#ViewportTUI.ShowOverlay	tuiBase.ShowOverlay tui.go:761 ; fix = add method to the interface (rule: interface embeds base interface => member set union)
pkg:tui/.#ViewportTUI::property:showOverlay	MISSING-DATA	5 placement: Go ViewportTUI interface is narrower than Pi ViewportTUI extends TUI; method exists on concrete TuiAltScreen as ShowOverlay	tui/tui_alt_screen.go#ViewportTUI.ShowOverlay	tuiBase.ShowOverlay tui.go:761 ; fix = add method to the interface (rule: interface embeds base interface => member set union)
pkg:tui/.#ViewportTUI::property:start::call:0	MISSING-DATA	5 placement: Go ViewportTUI interface is narrower than Pi ViewportTUI extends TUI; method exists on concrete TuiAltScreen as Start	tui/tui_alt_screen.go#ViewportTUI.Start	Start tui.go:2003, tui_alt_screen.go:364 ; fix = add method to the interface (rule: interface embeds base interface => member set union)
pkg:tui/.#ViewportTUI::property:start	MISSING-DATA	5 placement: Go ViewportTUI interface is narrower than Pi ViewportTUI extends TUI; method exists on concrete TuiAltScreen as Start	tui/tui_alt_screen.go#ViewportTUI.Start	Start tui.go:2003, tui_alt_screen.go:364 ; fix = add method to the interface (rule: interface embeds base interface => member set union)
pkg:tui/.#ViewportTUI::property:stop::call:0	MISSING-DATA	5 placement: Go ViewportTUI interface is narrower than Pi ViewportTUI extends TUI; method exists on concrete TuiAltScreen as StopWithOptions	tui/tui_alt_screen.go#ViewportTUI.StopWithOptions	StopWithOptions(StopOptions) tui.go:2019 / tui_alt_screen.go:464; Stop() is the no-arg form ; fix = add method to the interface (rule: interface embeds base interface => member set union)
pkg:tui/.#ViewportTUI::property:stop	MISSING-DATA	5 placement: Go ViewportTUI interface is narrower than Pi ViewportTUI extends TUI; method exists on concrete TuiAltScreen as StopWithOptions	tui/tui_alt_screen.go#ViewportTUI.StopWithOptions	StopWithOptions(StopOptions) tui.go:2019 / tui_alt_screen.go:464; Stop() is the no-arg form ; fix = add method to the interface (rule: interface embeds base interface => member set union)
pkg:tui/.#ViewportTUI::property:terminal	MISSING-BEHAVIOUR	5 placement: member absent on Go owner	tui/tui_alt_screen.go#ViewportTUI	Pi tui.ts:497 terminal:Terminal; Go tuiBase holds out io.Writer (tui.go:~400), no Terminal field; accessor Terminal() would need an adapter over out (NewProcessTerminalWithOutput exists, terminal.go:144)
pkg:tui/.#ViewportTUI::property:wantsKeyRelease	MISSING-DATA	2 optionality: optional boolean property -> method	tui/tui_alt_screen.go#ViewportTUI	Pi Component.wantsKeyRelease?:boolean (tui.ts:135); Go KeyReleaseReceiver interface tui.go:45 optional; TUI/ViewportTUI do not implement - Pi TuiBase inherits Component but has no value
pkg:tui/.#VStack::property:%5BSymbol.LAYOUT_NODE%5D::call:0	RENAME	1 naming (verbs differ) / 4 optional params: Pi default-arg -> Go separate method	tui/stack.go#Stack.LayoutNode	Stack.LayoutNode stack.go:147 (VStack embeds Stack); symbol->method documented layout_node.go:3
pkg:tui/.#VStack::property:%5BSymbol.LAYOUT_NODE%5D	RENAME	1 naming (verbs differ) / 4 optional params: Pi default-arg -> Go separate method	tui/stack.go#Stack.LayoutNode	Stack.LayoutNode stack.go:147 (VStack embeds Stack); symbol->method documented layout_node.go:3
